название,производитель,ккал_100г,белки_100г,жиры_100г,углеводы_100г,единица,вес_единицы_г,порция_по_умолчанию_г,штрихкод,id,тип
Овсяная каша на воде,Nordic,88,3,1.7,15,порция,250,250,,
"Куриная грудка, запечённая",Домашнее,165,31,3.6,0,,,150,,
Творог 5%,Простоквашино,121,17,5,3,пачка,180,180,4600682032045,
Банан,Свежий,89,1.1,0.3,23,шт,120,120,,
Гречка отварная,Домашнее,110,4.2,1.1,21,,,200,,
Латте на овсяном,Кофейня,52,1.6,2,6.6,стакан,300,300,,
Ролл с курицей и соусом цезарь,Фастфуд,214,11,9,22,шт,210,210,4680123456789,
Яйцо варёное,,155,13,11,1.1,шт,55,110,,
Хлеб цельнозерновой,Рижский,230,9,3,41,ломтик,30,60,4607091380019,
Лосось слабосолёный,,202,22,12,0,,,100,,
Греческий йогурт 2%,Село Зелёное,66,9,2,3.6,баночка,150,150,4620013532016,
Сырники творожные,Домашнее,184,12,8,16,шт,80,160,,
Салат овощной с маслом,,78,1.2,6,4.5,,,180,,
Гороховый белок изолят,,350.0,76.0,2.9,5.7,,,,0002497233760,
Органическая кокосовая вода,Foco,21.0,0.0,0.0,5.2,,,,0016229919306,
"Йогурт ""Густой Греческий""",Простоквашино,64.0,8.7,2.0,2.8,,,,00232968,
Neo Имунеле Natural,,64.1,1.8,0.9,11.8,,,,0099990000010,
Даниссимо Пинаколада,,134.1,4.6,5.3,16.1,,,,0099990000719,
Окорочка куриные лента,,203.0,15.7,15.4,0.3,,,,01107678,
O zlaki кофейные,,476.0,7.0,24.0,57.0,,,,04731290,
Коврижка пряная,Дары мира,334.0,4.5,5.5,38.0,,,,0612710010097,
Полба,Агро-Альянс,350.0,12.0,2.0,72.0,,,,09585898,
Капучино,Natura selectiob,55.0,2.0,2.3,6.3,,,,10266663,
Шоколадный батончик SNICKERS® КРИСПЕР,Snickers,480.0,6.8,22.0,61.1,,,,11434795,shokoladnyy-batonchik-snickers-krisper-snickers-krisper
Морковь по корейски,,92.0,1.5,3.8,10.0,,,,12612178,
Белок яичный,Яндекс,200.0,6.8,6.4,26.0,,,,12873869,
Японский чизкейк,Jupcake,285.0,7.7,18.5,22.0,,,,14815214,
Плавленый сыр Чизбургер,,285.0,14.8,23.1,4.3,,,,15291691,
Брауни протеиновое,Fit Kit,357.5,16.2,22.5,37.5,,,,16107960,
Мороженое Эскимо Светаево с арахисом и карамелью,Светаево,346.0,40.0,24.5,27.5,,,,16200324,
Творог обезжиренный,Ашан,101.0,18.0,1.8,3.3,,,,1662363245512,
Пудинг чиа,LAGE,236.0,4.6,15.9,20.4,,,,2000000292205,
Онигири С Крабом И Устричным Соусом,Все Дома,190.0,5.0,4.0,33.0,,,,2000036323805,
Лунный пряник,Китай,394.8,7.8,15.6,55.8,,,,2010008017014,
Сдоба с миндальной начинкой,Ашан,320.0,6.5,8.0,54.0,,,,2050539000017,
Картофельное Пюре,Яндекс Лавка,123.0,2.0,7.0,13.0,,,,2090006041297,
Омлет с хашбраунами,Есть горячее,278.7,9.4,19.4,16.6,,,,2090006067341,
Блинчики с курицей и сыром,Лавка,278.0,15.0,13.9,23.3,,,,2090006100895,
Жаренные кусочки кукурузы,,158.7,2.9,6.9,21.2,,,,2090006124051,
Шоколадный Парфе,Сладкая Мастерская,318.0,9.0,18.0,28.0,,,,2090006126994,
Лапша Гречневая Соба,Domshim,350.0,15.0,1.0,71.0,,,,2099999994993,
Блины С Яблоком,ВкусВилл,216.3,4.5,9.1,29.1,,,,2100100056063,
Паштет Из Мяса Индейки,ВкусВилл,247.0,11.0,22.0,1.2,,,,2100100066376,
Фруктово-ореховый батончик Шоколад-протеин,ВкусВилл,376.2,22.3,11.0,47.0,,,,2100100105372,
Пряники С Вишней,ВкусВилл,366.4,4.3,5.2,75.6,,,,2100100106942,
Пряники,ВкусВилл,411.0,8.8,9.8,71.9,,,,2100100110420,
"Вареники С Сыром, Помидором И Базиликом",ВкусВилл,190.9,13.1,2.9,28.1,,,,2100100113025,
Айран 2%,ВкусВилл,32.4,1.4,2.0,2.2,,,,2100100195410,
Молоко 3.2% Безлактозное,ВкусВилл,58.8,3.0,3.2,4.5,,,,2100100222604,
"Сосиски ""Куриные Суперсила""",ВкусВилл,100.5,15.0,4.5,0.0,,,,2100100296742,
"Йогурт черника 2,5%",ВкусВилл,61.3,3.0,2.5,6.7,,,,2100100305994,
"Котлеты куриные с моцареллой с булгуром, киноа и овощами",ВкусВилл,154.5,10.2,8.5,9.3,,,,2100100379537,
"Равиоли С Крабом Камчатским, Креветками Северными И Сыром Моцарелла",ВкусВилл,187.1,11.1,3.9,26.9,,,,2100100457334,
Говядина филей,ВкусВилл,136.0,16.0,8.0,0.0,,,,2100100465711,
Кекс Домашний С Какао,ВкусВилл,387.5,6.0,21.5,42.5,,,,2100100618094,
Тирамису,ВкусВилл,332.5,4.8,26.9,17.8,,,,2100100638160,
Беляши «Куряш»,ВкусВилл,176.0,10.0,4.0,25.0,,,,2100100652913,
Сырники классические замороженные,ВкусВилл,222.7,14.7,10.3,17.8,,,,2100100653149,
Арахисовый Батончик С Соленой Карамелью С Вкусом Ириса,ВкусВилл,521.6,11.4,28.0,56.0,,,,2100100654696,
Амарантовые Хлебцы,ВкусВилл,388.0,11.6,7.3,69.2,,,,2100100655051,
Чипсы Рисовые Томат С Зеленью,ВкусВилл,336.9,6.7,1.7,73.7,,,,2100100675127,
Пельмени с мраморной говядиной и цыплёнком,ВкусВилл,211.6,12.6,8.4,21.4,,,,2100100696818,
Kids Pure From Pear Peach And Mango,ВкусВилл,46.2,0.3,0.0,11.0,,,,2100100703257,
Рябина Черноплодная Быстрозамороженная,ВкусВилл,51.0,1.5,0.2,10.9,,,,2100100710576,
Онигири Краб Спайки,ВкусВилл,232.6,3.8,7.4,37.7,,,,2100100729585,
Пельмени Алтайские,ВкусВилл,305.4,9.5,18.6,25.0,,,,2100100738105,
Биточки Из Мяса Курицы С Сыром,ВкусВилл,165.8,16.6,10.6,1.0,,,,2100100746711,
Вафли Голландские С Молочной Карамелью,ВкусВилл,393.0,4.5,15.0,60.0,,,,2100100760618,
"Пирог ""Сметанник"" с черникой",ВкусВилл,299.4,5.1,19.8,25.2,,,,2100100768607,
Сосиски С Сыром,ВкусВилл,341.3,14.8,30.5,1.9,,,,2100100834357,
Хлебцы Из Зеленой Гречки,ВкусВилл,365.0,15.3,1.4,72.9,,,,2100100853426,
Торт Блинный Шоколадный,ВкусВилл,312.6,6.5,19.0,28.9,,,,2100100854447,
Феттучине С Яйцом И Шпинатом,ВкусВилл,282.7,10.6,1.9,54.9,,,,2100100855680,
"Шаурма с курицей и соусом ""Бургер""",BB,91.7,10.7,10.5,20.1,,,,2100100865221,
Чипсы Барбекю,ВкусВилл,508.2,5.5,25.8,63.5,,,,2100100882297,
"Пастила яблочная ассорти ""Фруктово-ягодное""",ВкусВилл,182.9,1.5,0.1,44.0,,,,2100100904852,
Шоколад на меду (Горький),ВкусВилл,578.2,8.1,43.0,39.7,,,,2100100919214,
"Батончик Протеиновый ""Малина""",ВкусВилл,361.0,25.0,21.0,18.0,,,,2100100957780,
Батончик карамельный,ВкусВилл,532.4,9.4,35.2,44.5,,,,2100100996345,
Яйцо С0 Куриное,ВкусВилл,157.0,12.7,11.5,0.7,,,,2100101036781,
"Бескостное мясо бедра цыпленка в маринаде ""Сладкий чили""",Богородские деликатесы,108.7,16.9,3.1,3.3,,,,2100101038891,
Батон без добавления сахара,ВкусВилл,246.9,8.2,2.5,47.9,,,,2100101039171,
Хлеб Тостовый Нарезка,ВкусВилл,238.9,6.6,1.7,49.3,,,,2100101040986,
"Мини-чиабатта С Индейкой, Сыром Гауда И Соусом песто",ВкусВилл,247.0,8.6,12.7,24.8,,,,2100101050176,
Пельмени Замороженные «Оренбургские»,ВкусВилл,281.9,16.5,12.3,26.3,,,,2100101051685,
Блины с мясом по-грузински,ВкусВилл,224.5,8.8,10.9,22.8,,,,2100101083730,
Завиток С Корицей,ВкусВилл,418.0,7.0,26.5,38.0,,,,2100101091278,
"Кесадилья с курицей, шпинатом и моцареллой",ВкусВилл,274.1,14.4,14.9,20.6,,,,2100101104749,
Блины с творогом,Зелёная точка,230.0,7.9,13.6,19.0,,,,2100291000012,
Шницель куриный в панировке жаренный,Магнолия,207.0,19.7,3.0,4.0,,,,2116590001384,
Салат Греческий От Бренд Шефа,Азбука Вкуса,83.6,3.9,6.0,3.5,,,,2145438002344,
Омуль Холодного Копчения,Азбука Вкуса,131.0,17.0,7.0,0.0,,,,2181571003565,
Блинчики с Грушей И Мятным Кремом,Азбука Вкуса,244.6,4.8,15.3,22.0,,,,2182527004506,
Пасхальный кулич с драже и сливочной начинкой,Самокат,350.0,6.7,12.9,52.6,,,,2200986000003,
"Йогурт питьевой ""Манго"" МДж 3,0-4,4%",Сами Готовим,86.2,2.6,3.0,12.2,,,,2238277003303,
"Йогурт ""Персик-маракуйя""",Сами Готовим,99.5,2.8,3.2,14.8,,,,2238351002000,
"Йогурт ""Груша"" с семенами чиа",Сами Готовим,110.4,3.1,4.0,15.5,,,,2238354002007,
"Йогурт питьевой ""Ананас""",Сами Готовим,91.6,2.9,3.3,12.6,,,,2243199003300,
Кантуччи,Пятёрочка,378.0,6.5,7.5,71.0,,,,2319705003000,
Печенье Воздушное Морозко,Ден-трал,303.7,7.3,2.9,62.1,,,,2319865002509,
Печенье овсяное царское сокровище,Ашан,420.0,5.5,15.0,64.0,,,,2350502003305,
Овсяное печенье,Ашан,430.0,6.0,13.0,70.0,,,,2353837003187,
Кимчи,Ашан,40.0,1.0,2.0,4.0,,,,2358834003789,
Пирожное Колечко С Творогом,SPAR,240.0,4.0,12.5,26.0,,,,2415803000009,
Улитка с Творожным Кремом и Корицей,SPAR,357.0,2.4,16.5,49.7,,,,2435421000007,
Куриный суп пюре с сухариками,Суперсуп,62.0,4.5,2.0,10.0,,,,2531663077736,
Вафельные трубочки Эль Торо,Станем друзьями,318.0,3.3,11.0,52.6,,,,2602183003465,
Сдоба Лакомка,Станем друзьями,316.0,6.1,6.7,57.9,,,,2604022000017,
Печенье Сластена Сметанная,Станем друзьями,331.2,6.4,11.8,27.7,,,,2604656002944,
Коврижка чернослив/вино,Станем друзьями,370.0,4.0,7.0,72.0,,,,2607898002222,
Брауни,Станем друзьями,363.8,5.0,16.0,46.0,,,,2610141002122,
Вафли Азиатка,Станем друзьями,350.0,3.0,15.0,51.0,,,,2611258002005,
Арбатские рогалики,Станем друзьями,268.0,8.3,2.2,52.4,,,,2611701000015,
Овсяное печенье Царская особа,Станем друзьями,340.0,4.5,11.0,66.0,,,,2611864003069,
Печенье крем брюлк,Станем друзьями,390.0,4.0,12.0,67.0,,,,2611906002289,
Печенье Чик Пик,Станем друзьями,318.0,3.3,11.0,52.6,,,,2613625002342,
Печенье двойной шоколад,Перекрёсток,410.0,6.5,14.0,64.0,,,,2823645100014,
Пирожок с яблоком,Перекрёсток,320.0,6.0,5.3,62.0,,,,2823700600015,
Булочка,Перекрёсток,265.0,7.5,3.1,51.8,,,,2823739200019,
Хлеб Зерновой Перек,Перекрёсток,330.0,7.5,13.5,45.5,,,,2823753300016,
Гамбургер с индейкой,Бери с собой,190.0,13.5,4.8,13.1,,,,2960200002458,
Багет с кунжутом на закваске,Лента,280.0,8.5,3.5,55.0,,,,2999990086232,
Пирожок ЛЕНТА FRESH Домашний с мясом,Лента,315.0,10.0,15.5,35.5,,,,2999999895194,
Лукум Сбивной Ванильный,ВкусВилл,320.0,0.4,0.3,79.0,,,,3020384003753,
Сардельки С Телятиной,ВкусВилл,221.4,12.9,18.2,1.5,,,,3022843003724,
Кукуруза молодая,Bonduelle,73.0,2.7,1.4,11.0,,,,3083681083361,
Вафли Лос-Марселино,Станем друзьями,300.0,2.0,6.5,60.0,,,,3614674002009,
грено сок синя слива ябълка 1085,Greno,53.0,0.4,0.0,12.4,,,,3800014281085,
орехите сушеница слайс 2886,Орехите,355.0,28.0,26.0,1.2,,,,3800047792886,
вафли лешник,Ная,540.5,4.2,30.9,61.4,,,,3800061630607,
врёшь плитка за хот-дог teams,Brioche,352.0,11.9,11.7,46.0,,,,3800093511660,
Лепешка для сенгвича,Pocket Pita,267.0,9.7,2.4,50.0,,,,3800093560361,
сирине краве нискомаслено домлян,Домлян,201.0,18.0,14.0,0.8,,,,3800110301830,
КФМ филе елена резерва,КФМ,193.0,40.0,3.0,1.0,,,,3800202640137,
Молоко Боженцы 3.6%,Божиници,64.0,3.4,3.6,4.5,,,,3800207823047,
хляб типов с квас Айтос,Ajtos,243.0,9.0,0.2,51.0,,,,3800207831189,
Хомогенизирана сметана за готвене,Бор-чвор,209.0,3.0,20.0,4.3,,,,3800212494942,
крум мушев луканка слайс 90 г 6233,Крум Мушев,395.0,23.3,32.5,2.2,,,,3800228506233,
Протеин Чипсы с бекон,Livity,436.0,38.0,14.0,38.0,,,,3800233091922,
Кренвирши Бони XXL,Бони,212.0,12.0,18.3,1.0,,,,3800779048527,
Твикс,Mars,494.0,4.4,24.0,64.4,,,,4011100977952,
мамба фрумеладки кислые звёздочки,Storck,339.0,0.0,0.0,82.0,,,,4014400934564,mamba-frumeladki-kislye-zvezdochki-august-storck
вертерс мягкий ирис,Werther's,464.0,4.2,20.7,65.6,,,,40144115,
Плов со свининой,Steinhauer,148.4,6.7,7.6,13.3,,,,4030011330458,
Чайный сбор ЦИТРУСОВЫЙ БАЗИЛИК,Кантата,14.2,0.7,0.1,2.0,,,,4030683014021,
Сухарики жигулевские,Жигулёвские,456.0,10.0,18.0,60.0,,,,4030957761620,
Бумука,Сладкая страна,459.0,7.3,14.1,66.0,,,,4033443792337,
Царевичен тортила чипс - лют,Metro Chef,522.0,5.7,33.0,49.0,,,,4337182137443,
Квас,Очаково,20.0,0.0,0.0,4.5,,,,4600068063991,
Красный октябрь,Алёнка,560.0,8.5,36.0,50.0,,,,4600080294267,
Грильяж смотка в пачках,РотФронт,520.0,5.5,26.0,64.0,,,,4600080310400,
Cafe Jazz Коктейль орехи и сухофрукты,,490.0,12.0,29.0,44.0,,,,4600294028443,
КАКАО Золотой ярлык,Красный Октябрь,330.0,24.0,15.0,10.0,,,,4600300000739,
Шоколад Мишка косолапый с орехами и вафлями,Красный Октябрь,530.0,7.0,31.0,54.0,,,,4600300071067,
МОЛОЧНЫЙ ШОКОЛАД АЛЕНКА,Красный Октябрь,547.0,8.0,33.0,54.0,,,,4600300075409,
Оленка,31721,482.0,0.0,24.0,60.0,,,,4600300080014,
Конфеты Мишка косолапый,Красный Октябрь,540.0,6.0,30.0,59.0,,,,4600300086863,
Фру-Фру — жевательный мармелад Маша и Медведь,Фру-фру,329.1,4.1,0.3,77.5,,,,4600416011889,
"Pastila ""Vanilla-Flavored"" ""SHARMEL""",Ударница,310.0,0.6,0.0,76.4,,,,4600492112227,
Плавленый сыр «Шоколадный»,Карат,305.6,9.2,18.0,26.7,,,,4600493559007,
Чёрный чай Lipton Лимон 1л,Lipton,19.0,0.0,0.0,4.6,,,,4600494600500,
сок J7 Цитрус,J7,40.0,0.0,0.0,9.5,,,,4600494661334,
Adrenaline Zero sugar,Adrenaline,3.1,0.0,0.0,0.1,,,,4600494666612,
Энергетик вкус дыня лайм мята,Адреналин раш,18.0,0.0,0.0,4.0,,,,4600494681646,
эвервес кола без сахара смотка 1 литр,Evervess,0.4,0.0,0.0,0.1,,,,4600494687273,
Fresh Taste Сок апельсиновый с мякотью,J7,35.0,0.0,0.0,9.0,,,,4600494694813,
"Десерт ""Bonjour Souffle"" вкус клубники со сливками",Конти-Рус,430.0,3.0,16.0,68.0,,,,4600495522320,desert-bonjour-souffle-vkus-klubniki-so-slivkami-ao-konti-rus
Бургер-соус для бутербродов и закусок,Astoria,330.0,1.0,30.0,14.0,,,,4600528357981,
Астория шаурма,Astoria,410.0,1.0,42.0,8.0,,,,4600528362893,
Соус барбекю,Astoria,120.0,1.0,0.0,29.0,,,,4600528365450,
Соус Сметанный с грибами,Миоре,400.0,0.4,42.0,6.0,,,,4600528366068,
Соус Лёгкий,Миоре,250.0,0.2,25.0,7.0,,,,4600528366396,
anakom,Ahakom,63.0,1.3,3.0,7.7,,,,4600545035039,
Вермишель быстрого приготовления с куриным бульоном,Красная цена,410.0,7.5,20.0,49.0,,,,4600545624103,
Печенье солёная карамель,Любятово,470.0,5.0,22.0,63.0,,,,4600583944706,
"Печенье ""карамель"" со вкусом Брауни в глазури",Любятово,465.0,4.7,22.0,62.0,,,,4600583944737,
Крекер «Конфи» Рыбки с луком,Конфи,477.0,8.1,26.3,51.0,,,,4600603023848,
Биойогурт Активиа,Активиа,78.0,4.8,3.5,6.7,,,,4600605010976,
Активиа Биойогурт Киви и мюсли,Danone,108.2,3.9,3.0,16.4,,,,4600605012338,
Даниссимо Творожный с изысканным шоколадом,Даниссимо,152.0,5.6,6.7,17.4,,,,4600605017333,
Йогурт с вишней,Активиа,101.0,3.9,2.9,14.8,,,,4600605017654,
Йогурт с шариками в шоколаде,Даниссимо,123.0,3.3,6.9,11.9,,,,4600605019351,
Даниссимо Фантазия Хрустящие шарики с ягодным вкусом 105г,Danone,120.9,3.1,6.9,11.6,,,,4600605021781,
Активиа Термостатная,Danone,64.7,3.5,3.5,4.8,,,,4600605021842,
"Йогурт термостатный ""Данон""",Danone,47.0,3.6,1.5,4.8,,,,4600605022207,
"натуральный биойогурт, с черникой и 5 злаками",Danone,95.0,4.1,2.9,13.0,,,,4600605022399,
Йогурт питьевой,Bio Баланс,62.0,3.3,1.0,9.9,,,,4600605026595,
Биойогурт черника-злаки,Bio Баланс,63.0,3.3,1.0,10.1,,,,4600605026601,
Творожное зерно в сливках,Простоквашино,91.0,9.0,5.0,2.6,,,,4600605030271,
Йогурт даниссимо с шариками клубника молочный шоколад 105г,Даниссимо,123.0,3.3,6.9,11.9,,,,4600605031094,
Сливки Простоквашино 200г пит.ульт.20%,Простоквашино,206.0,2.6,20.0,4.0,,,,4600605032251,
Термостатный йогурт,Простоквашино,69.0,3.6,4.0,4.7,,,,4600605032459,
Творожок вишня-банан,Простоквашино,110.0,6.8,3.6,12.7,,,,4600605032558,
Биойогурт Актибио с пробиотиками,Danone,51.0,3.5,1.8,5.3,,,,4600605032732,
Aktibio jordbær,АктиБио,73.0,2.9,1.5,11.9,,,,4600605032763,
"Биойогурт с пробиотиками Питахайа, клубника, яблоко",АктиБио,78.0,3.8,2.9,9.2,,,,4600605032862,
Биойогурт с пробиотиками - Клубника,АктиБио,101.0,4.1,2.9,14.6,,,,4600605032893,
Биойогурт Актибио,Активия,103.0,4.2,3.0,14.9,,,,4600605032916,
АктиБио с пробиотиками и злаками,Активбио,98.0,4.6,2.9,13.4,,,,4600605032954,
Биойогурт Малина Гранат,АктиБио,74.0,2.9,1.5,12.1,,,,4600605033012,
АктиБио с пробиотиками и злаками,АктиБио,70.0,3.0,1.6,11.0,,,,4600605033043,
Биойогурт АктиБио,АктиБио,79.0,4.8,3.5,7.0,,,,4600605033098,
миндаль планто,Planto,25.0,0.4,1.2,3.0,,,,4600605033258,
Actimuno,Actimuno,69.0,2.7,1.5,12.7,,,,4600605033494,
"Продукт творожный ""творожок"" с голубикой и бананом",1f 20 1e 21 22 1e 2f 28 3a 38 3d,112.0,6.8,3.6,13.0,,,,4600605034330,
Биойогурт Клубника-Черника без сахара АктиБио,АктиБио,57.0,3.0,1.5,7.8,,,,4600605034491,
"Биойогурт. Манго, папайя без сахара",АктиБио,56.0,3.0,1.5,8.1,,,,4600605034507,
Биойогурт Персик-малина без сахара АктиБио,АктиБио,52.0,3.0,1.5,6.7,,,,4600605034514,
Биойогурт Актибио Персик Малина,АктиБио,76.0,3.9,3.0,8.3,,,,4600605034552,
Биойогурт Актибио Черника Клубника,АктиБио,80.0,3.9,3.0,9.3,,,,4600605034576,
Творог мягкий 0.1%,Простоквашино,55.0,10.0,0.1,3.4,,,,4600605034750,
Йогурт Простоквашино греческий груша,Простоквашино,88.0,7.7,1.8,10.3,,,,4600605034835,
Напиток Planto классический,Planto,47.0,1.1,2.3,5.5,,,,4600605035283,
Хлеб Ржано-пшеничный Столовый,Каравай,210.0,7.0,1.0,44.0,,,,4600631001320,
Ролл Пшеничный,Караван,240.0,7.5,1.0,49.0,,,,4600631004260,
Кефир ГОСТ 31454-2012 1%,Село Зелёное,37.0,3.0,1.0,4.0,,,,4600653108205,
Пудинг шоколадный,Село Зелёное,125.0,4.1,3.0,20.4,,,,4600653110598,
"Золотой®. Бульонные кубики. Бульон с курицей, брикетированный",Maggi,251.0,2.3,7.1,44.0,,,,4600680003573,
Nescafé® Classic. Натуральный растворимый порошкообразный кофе с добавлением натурального жареного молотого кофе.,Nescafé,128.0,8.0,1.0,3.0,,,,4600680010632,
Какао Напиток,Хрутка,393.0,5.3,3.0,83.0,,,,4600680026206,
Хрутки Клубника Ваниль Хлопья,Хрутки,383.0,7.3,3.7,77.5,,,,4600680029375,
Хлопья овсяные Клубника с Молоком,Быстров,367.5,10.8,5.2,65.0,,,,4600680029498,
Овсянка Клубника,Быстров,369.0,9.8,5.5,66.0,,,,4600680029627,
Лесные Ягоды,Быстров,369.0,10.0,5.6,66.0,,,,4600680029719,
Goodmix Снежный миндаль,Goodmix,531.0,5.1,28.0,63.0,,,,4600680034942,
Молочный шоколад,Nestle,538.0,6.6,30.0,59.0,,,,4600680035215,
Goodmix соленая карамель,Goodmix,526.0,6.1,28.0,62.0,,,,4600680036168,
Goodmix соленый арахис,Goodmix,528.0,6.0,28.0,61.0,,,,4600680036175,
Goodmix Попкорн,Goodmix,526.0,6.1,28.0,62.0,,,,4600680036182,
Goodmix со фкусом печенья,Goodmix,526.0,6.1,28.0,62.0,,,,4600680036199,
Хрустящий Готовый Шоколадный Завтрак,Хрутка,370.0,9.0,3.4,70.3,,,,4600680037080,
Шоколадный батончик GoodMiX Малиновый рассвет,Goodmix,527.0,6.1,28.0,62.0,,,,4600680037516,
Milk Chocolate Mascha i Medwedj,Маша и Медведь,568.0,8.0,36.0,53.0,,,,4600694170513,
Йогурт питьевой с манго и киви,MIOCREMA,68.0,2.8,2.0,9.6,,,,4600699001355,
"Йогурт ""Hi"" Фейхоа, виноград, базилик",hi,80.0,2.2,2.5,13.3,,,,4600699002116,
грибной соус гурме,Master gurme,340.0,0.2,35.0,6.0,,,,4600699004479,
Слобода для жарки и салатов,Слобода,899.0,0.0,99.9,0.0,,,,4600699501121,
масло подсолнечное,Слобода,900.0,0.0,100.0,0.0,,,,4600699502494,
майонез слобода на перепелиных яйцах,Слобода,610.0,0.2,67.0,2.0,,,,4600699503804,
"Майонез ""Правонсаль классический слабода""",Слобода,610.0,0.1,67.0,1.0,,,,4600699505518,
"Биойогурт Слобода Семейный Завтрак мандарин, мюсли, орехи",Эфко,114.0,3.6,5.0,13.7,,,,4600699515012,
"Биойогурт ""Слобода"" с грушей и злаками",Слобода,75.0,2.8,2.0,11.0,,,,4600699515098,
"Hoegaarden hveteøl, 4,9%",Hoegaarden,44.1,0.5,0.0,3.5,,,,4600721021566,
эсса 0 кокос,Essa,25.0,0.0,0.0,4.5,,,,4600721026820,
Греческий йогурт,Зелёная линия,76.0,7.5,4.0,2.5,,,,4600765001357,
Ирландский Скир,ВкусВилл,90.8,9.3,1.2,10.7,,,,4600765004525,
Исландский Скир 1.5%,Вкус и польза,72.0,11.0,1.5,3.7,,,,4600765004563,
Скир Зел.лин черника малина,Зелёная линия,91.0,9.3,1.2,10.7,,,,4600765004570,
Творог Высокобелковый Мягкий «Морковный Пирог»,ВкусВилл,94.8,9.3,1.2,11.7,,,,4600765005140,
Йогурт греческий без сахара,Lactica,76.0,7.5,4.0,2.5,,,,4600765026954,
Скир с печеным яблоком,ideals,96.0,9.3,1.2,11.9,,,,4600765027340,
isey skyr,Лактис,72.0,11.0,1.5,3.7,,,,4600765027364,
Настоящий Пломбир 18%,Пятигорское Мороженое Холод,260.0,3.5,17.0,23.0,,,,4600766001943,
Конфета арахисовая Caramel Bite,BootyBar,546.7,13.3,40.0,26.7,,,,4600778021014,
Нарезной Пирог Со Вкусом Шоколада,Триумф,380.0,6.0,18.0,49.0,,,,4600795058383,nareznoy-pirog-so-vkusom-shokolada-ooo-triumf
Oatmeal,Ясно солнышко,340.0,12.0,6.0,60.0,,,,4600819351681,
Овсяная каша с клубникой и молоком,Ясно солнышко,360.0,10.0,5.0,65.0,,,,4600819440156,
Vdokhnoveniye Chocolate,Вдохновение,550.0,7.5,37.5,45.0,,,,4600823009059,
Vdohnovenie Chocolat noir aux amandes 75% Cacao,Вдохновение,540.0,11.0,38.0,31.0,,,,4600823009141,
Бабаевский горький,Бабаевский,540.0,8.5,35.0,42.0,,,,4600823143005,
Аленка,Красный Октябрь,540.0,5.5,31.0,59.0,,,,4600823193857,
Тёмный шоколад с кешью и фундуком,Бабаевский,550.0,9.0,37.0,42.0,,,,4600823650619,
Палочки Хлебные С Сыром,Магнит,413.0,12.8,8.7,71.1,,,,4600925007540,
Крупа греча ядрица,Националь,330.0,13.0,2.5,68.0,,,,4600935000043,
Крупа пшено,PROSTO,350.0,12.0,3.0,69.0,,,,4600935000449,
Jogurtti питьевой йогурт малина злаки,Valio,61.6,2.8,0.4,11.7,,,,4601075341263,
Йогурт питьевой натуральный 0.4%,Valio,36.0,3.2,0.4,4.8,,,,4601075347937,
йогурт натуральный черника- ежевика,большая кружка,81.0,2.8,1.9,13.1,,,,4601075349832,
йогурт натуральный манго-злаки,большая кружка,83.0,2.8,1.9,13.7,,,,4601075391053,
Карела- йогурт сливочный «черничный маффин»,Свежее Завтра,138.0,3.7,7.0,15.0,,,,4601075393262,
Йогурт безлактозный с клубникой,Свежее Завтра,90.0,3.7,2.8,12.6,,,,4601075393309,
Seafood mix in oil,Меридиан,191.0,8.5,17.0,1.0,,,,4601132004346,
воздушная пшиница,На Здоровье!,330.0,9.0,4.0,64.0,,,,4601159075152,
Батончик В Молочном Шоколаде,Craft Ice Cream,310.0,4.0,19.0,30.0,,,,4601203016414,
Эскимо В Темном Шоколаде,Яндекс Лавка,310.0,3.5,22.0,25.0,,,,4601203017305,
Тесто Слоёное Дрожжевое,Самокат,357.0,5.5,20.0,38.0,,,,4601203017459,
Ватрушка С Творогом,Коломенский,290.0,8.0,8.5,46.0,,,,4601347005831,
Батон нарезной,Коломенское,260.0,7.5,3.0,51.0,,,,4601347009273,
Мягкие зерновые хлебцы на ржаной закваске,здоровый-край,340.0,10.0,13.0,45.0,,,,4601347010989,
вафли коломенские с орехом,Коломенский,490.0,8.0,24.0,61.0,,,,4601347011344,
"Вафли сливочные ""Вечерняя тайна""",Вечерняя Тайна,490.0,6.0,22.0,66.0,,,,4601347012655,
вафли коломенский красные,Коломенское,490.0,5.5,23.0,65.0,,,,4601347013171,
коленские,Коломенский,500.0,6.5,24.0,65.0,,,,4601347013195,
Хлеб пшеничный тостовый,Коломенский,302.0,8.0,6.0,54.0,,,,4601347013348,
Вареники С Картофелем И Грибами,У Палыча,150.0,4.5,4.0,23.0,,,,4601374032695,vareniki-s-kartofelem-i-gribami-u-palycha-vsegda-vkusno
Булочка для хотдога,Щёлково хлеб,230.0,6.6,2.6,44.4,,,,4601388002417,
Ржаник Брусника,Щёлково хлеб,260.0,5.5,3.5,52.0,,,,4601388007412,
Чиабата,Сытный перекус,330.0,7.0,24.0,22.0,,,,4601445213404,
сок джей севен смотка яблоко,J7,40.0,0.0,0.0,10.0,,,,4601512005307,
АЛЁНКА,Красный Октябрь,410.0,5.0,18.0,56.0,,,,4601513014018,alenka-pao-krasnyy-oktyabr
100% pompelmo,Parmalat,40.0,0.0,0.0,10.0,,,,4601662000146,
молочный коктейль Parmalat,Parmalat,69.0,3.0,1.5,10.8,,,,4601662000696,
parmalat,Parmalat,87.0,4.1,3.0,11.0,,,,4601662007619,
ФерроГематоген,Фармстандарт,376.0,6.4,5.5,73.2,,,,4601669007728,
Сырный Чили Соус,Pikador,250.0,0.5,22.0,12.0,,,,4601674002374,
Томатный кетчуп,Heinz,110.0,1.0,0.1,25.0,,,,4601674008864,
HEINZ Томатный Кетчуп,Heinz,110.0,1.0,0.1,25.0,,,,4601674084714,
острый кетчуп,Heinz,110.0,1.0,0.1,25.0,,,,4601674085315,
Сырный Соус,Heinz,450.0,1.5,43.0,12.0,,,,4601674086268,
"Соус «Терияки""",Heinz,160.0,1.0,0.0,38.0,,,,4601674086329,
Брусничный соус для мяса,Heinz,210.0,0.1,0.1,52.0,,,,4601674086404,
Соус Для Цыпленка Чатни-Груша,Heinz,150.0,0.4,0.4,37.0,,,,4601674086428,
Тесто «Звёздное» слоеное бездрожжевое,Хлебный Дом,388.0,6.7,19.2,46.0,,,,4601686001518,
Звёздное тесто слоёное дрожжевое,Хлебный Дом,360.0,7.0,19.0,40.0,,,,4601686005936,
Ватрушка с творогом,Хлебозавод 28,380.0,7.0,16.0,50.0,,,,4601712004988,
Тульский пряник со сгущеным молоком смотка,Ясная поляна,380.0,7.0,8.0,69.0,,,,4601713001719,
Йогурт с черникой,Вкуснотеево,78.7,3.3,1.5,13.0,,,,4601751009395,
Йогурт с клубникой,Фруате,93.7,2.8,2.5,15.0,,,,4601751014559,
Фруате йогурт манго и маракуйей,,75.0,2.8,1.5,12.5,,,,4601751023124,
Йогурт с клубникой,Вкуснотеево,83.2,3.3,2.0,13.0,,,,4601751025852,
ЙОГУРТ ВКУСНОТЕЕВО ЧЕРНИКА,,83.2,3.3,2.0,13.0,,,,4601751025876,
"Масло сливочное традиционное 82,5%",Вкуснотеево,748.0,0.6,82.5,0.6,,,,4601751026057,
Творог 2%,Вкуснотеево,90.0,15.0,2.0,3.0,,,,4601751027924,
protein max,Молвест,62.5,10.4,0.8,3.3,,,,4601751028945,
Protein Max Со Вкусном Клубника-Личи,Молвест,69.6,12.5,0.6,3.5,,,,4601751028990,
Биойогурт,Царка,45.0,3.2,2.0,3.5,,,,4601761001754,
Мука пшеничная хлебопекарная высший сорт,Makfa,340.0,12.0,1.1,70.6,,,,4601780002565,
makaron Makfa,Makfa,342.0,12.0,1.3,70.5,,,,4601780007072,
Цельнозерновые макароны из цельного зерна с зародышем и клетчаткой,Makfa,365.0,15.5,1.4,72.7,,,,4601780013790,
Круассан с карамельной начинкой Черемушки,Черёмушки,380.0,6.5,22.0,40.0,,,,4601787005644,
Цлитка с кремом и изюмом,Черёмушки,320.0,6.5,10.0,52.0,,,,4601787008164,
Батон зерновой на ржаном солоде,Булочный цех,310.0,10.0,6.5,52.0,,,,4601787011102,
Дубайский круассан,Черёмушки,560.0,8.5,34.0,54.0,,,,4601787011232,
korolevskie Dumplingi kurica i ovoshi,Bingo,135.0,9.7,3.3,17.6,,,,4601870004295,
Цельнозерновые овсяные хлопья,Мистраль,370.7,13.5,6.1,61.2,,,,4601916006276,
Чечевица,Мистраль,328.0,24.5,1.2,55.1,,,,4601916006733,
Каша Овсяная Цельнозерновая Ананас И Земляника,Мистраль,144.0,4.3,3.1,24.7,,,,4601916007778,
Кефир 3.5% Светаево,Светаево,55.0,3.0,3.2,4.0,,,,4601936009929,
АРАБИКА кофе натуральный растворимый сублимированный,Арабика,396.6,14.4,15.4,40.2,,,,4601985002803,
Йогурт с ароматом лесных ягод,Бэрэкэтле,80.0,3.2,1.5,12.4,,,,4602009431777,
Щоколадный пломбир в вафельном стаканчике,Самокат,237.0,4.1,14.4,23.6,,,,4602014001095,
Молоко смущённое с сахаром варёное в вафельной трубочке,Свитлогорье,405.0,10.1,14.9,57.6,,,,4602014010929,
cvetlogorniya plombir,,245.0,3.8,14.4,25.0,,,,4602014019274,
Мороженое пломбир с арахисом и карамелью,Свитлогорье,342.0,4.6,23.8,27.3,,,,4602014021772,
Сырок С Изюмом,Свитлогорье,373.0,8.3,22.1,35.1,,,,4602014022991,
Соломка с маком,Жуковский хлеб,390.0,9.0,9.0,68.0,,,,4602038003594,
Звёздочки для супчика,BAISAD,340.0,10.5,1.0,71.5,,,,4602039000271,
Творог обезжиренный,SPAR,101.0,18.0,1.8,3.3,,,,4602048001047,
Творог обезжиренный,Светаево,89.7,18.0,0.5,3.3,,,,4602048004345,
Сливки 20%,ВкусВилл,205.2,2.5,20.0,3.8,,,,4602048011091,
"Перечня Икра ""Мухаммара"" с пшеничными лепешками",,238.6,5.9,13.5,26.1,,,,4602056987418,
Геркулес традиционный,Русский продукт,360.0,12.0,6.0,62.0,,,,4602112100393,
Геркулес быстрого приготовления,Русский продукт,362.0,12.0,6.0,62.0,,,,4602112100409,
Лисички в сливочном соусе,Московский картофель,550.0,5.5,37.0,48.0,,,,4602112212447,
Геркулес нежный,Русский продукт,362.0,12.0,6.0,62.0,,,,4602112503606,
Чипсы Белые Грибы В Сливочном Соусе,Московский картофель,570.0,5.5,40.0,46.0,,,,4602112515760,
Хлопья 4-х зерновые,Ярмарка,305.0,10.2,2.5,60.0,,,,4602248003711,
Кускус С Томатами,Ярмарка,360.0,13.0,1.0,75.0,,,,4602248008310,
"Яйца куриные пищевые столовые ""Экстра""",Роскар,150.0,13.0,11.0,0.0,,,,4602277000033,
Ролл Пшеничный,Русский Хлеб,235.0,7.6,0.8,49.2,,,,4602328004485,
Йогурт черничный,,86.1,2.8,2.1,14.0,,,,4602358001119,
Пломбир Ванильный в вафельном стаканчике,Коровка из Кореновки,250.0,3.5,15.0,25.0,,,,4602358003472,
Пломбир Крем-Брюле,Коровка из Кореновки,250.0,4.0,15.0,25.0,,,,4602358003663,
Plombir Korovka,Коровка из Кореновки,260.0,4.5,15.0,26.0,,,,4602358003670,
ЗДОРОВЫЙ РОЖОК КЛУБ.,Коровка,320.8,3.3,14.2,44.2,,,,4602358004745,
Йогурт термостатный 4%,Коровка из Кореновки,70.0,3.5,4.0,5.0,,,,4602358009559,
Лакомка,Корвка из Кореновки,340.0,3.5,26.0,22.0,,,,4602358009689,
Сырок творожный шоколадный,Коровка из Кореновки,400.0,11.0,27.0,28.0,,,,4602358010029,
Сырок творожный глазированный с хрустящими шариками,Коровка из Кореновки,440.0,11.0,30.0,31.0,,,,4602358010319,
Йогурт клубника,Ирбитский,109.7,2.9,2.5,18.9,,,,4602433000259,
"Йогурт Ирбитский черника 2,5%",Ирбитский молочный завод,91.0,2.8,2.5,14.4,,,,4602433001966,
Байкал энер,Baykal,45.0,0.0,0.0,11.0,,,,4602441025091,
Green milk almond,Green milk,70.0,0.5,2.0,12.0,,,,4602481809156,
Творожок Агуша яблоко банан,Агуша,103.0,7.3,3.9,9.7,,,,4602541005740,
Сметана,Пискаревская,159.8,2.6,15.0,3.6,,,,4602547001371,
Мармелад жевательный «Змеи XXL»,Fruittella,330.0,5.0,0.1,76.0,,,,4602606003728,marmelad-zhevatelnyy-zmei-xxl-fruit-tella
фрутела ассорти,Perfetti,400.0,1.0,7.0,83.0,,,,4602606010924,
fruitella звери микс,Fruittella,320.0,6.0,0.1,73.0,,,,4602606011570,fruitella-zveri-miks-frutella
фрутела крутой микс,Fruittella,330.0,7.5,0.2,71.0,,,,4602606012577,frutela-krutoy-miks-frutella
Мармелад Открой Космос Кислый,Fruittella,330.0,6.5,0.0,75.0,,,,4602606019071,
Страйпсы,Chupa Chups,360.0,2.5,1.5,83.0,,,,4602606020411,
Хлеб Бородинский Нарезной,Хлебный Дом,200.0,7.0,1.5,40.0,,,,4602701001230,
хлеб fazer стройный рецепт,Хлебный Дом,240.0,5.9,0.9,47.9,,,,4602701003975,
Зерновой хлеб «Геркулес»,Хлебный Дом,270.0,10.0,6.5,43.0,,,,4602701201517,
Хлеб зерновой заряд Хлебец с зернами и семенами подовый,Хлебный Дом,278.0,9.9,6.4,44.1,,,,4602701302689,
Хлеб С Кукурузой,Хлебный Дом,270.0,10.0,2.0,54.0,,,,4602701303471,
Кулич Праздничный,Арнаут,430.0,8.0,14.0,69.0,,,,4602977001620,
рулет яшкино со сгухой смотка,Яшкино,360.0,5.5,11.0,60.0,,,,4603290002882,
Французский крекер с кунжутом,Яшкино,480.0,7.5,22.0,62.0,,,,4603290003032,
Рулет яшкино клубника смотка,Яшкино,370.0,5.0,13.0,58.0,,,,4603290003285,
Крекер с кунжутом и семенами льна,Зерница,460.0,10.0,22.0,55.0,,,,4603290004619,
пиица с ветчиной и грибами,ЦЕЗАРЬ,250.0,9.5,13.0,23.0,,,,4603421358130,
Суп грибной с яйцом,Asian fusion,368.0,31.0,12.0,34.0,,,,4603552010693,
Вафли со сливочным ароматом,Clever,546.5,3.9,35.1,53.7,,,,4603593004187,
Сахар белый кристаллический,Европак,400.0,0.0,0.0,100.0,,,,4603720397533,
Йогурт Вишня Черешня,Азбука Вкуса,86.1,2.8,2.1,14.0,,,,4603727827668,
Йогурт Сливочный Клубника,Азбука Вкуса,119.0,2.8,7.0,11.2,,,,4603727827729,
Конфеты таблетированые Декстро4 с вишнёвый вкусом,Dextro4,380.0,0.0,0.0,95.0,,,,4603728875088,
"Мороженое ""Шоколадный Нью-Йорк""",ВкусВилл,267.3,3.6,17.7,23.4,,,,4603766346205,
"Йогурт ягодный обезжиренный ""Малина""",ВкусВилл,56.5,2.9,0.1,11.0,,,,4603767009819,
Йогурт «Греческий»,ВкусВилл,110.0,7.6,8.0,4.2,,,,4603767010143,
"Кефир 3,2%",Самокат,57.0,3.0,3.2,4.0,,,,4603767010327,
"Йогурт обезжиренный ""Вишня-черешня""",ВкусВилл,56.5,2.9,0.1,11.0,,,,4603767011409,
"Натуральный йогурт 1,5%",Самокат,44.0,3.2,1.5,4.4,,,,4603767012628,
протеиновая печенька кукис шоколад,Solvie,281.7,31.7,13.2,9.0,,,,4603789588194,
Паста Шоколадно-Ореховая,Cusine Royale,550.0,6.0,34.0,55.0,,,,4603825014205,
"""ЧЕРНИКА + ЛЮТЕИН С СЕЛЕНОМ БИОКОР""",Биокор,300.0,0.0,0.0,75.0,,,,4603907008702,
Питьевая вода,Святой источник,0.0,0.0,0.0,0.0,,,,4603934000793,
Chocolat,Русский шоколад,560.0,0.0,38.0,38.0,,,,4603955001830,
"Шоколад молочный ""Алёнка""",Красный Октябрь,540.0,7.0,32.0,56.0,,,,4603955002165,
"Масло подсолнечное рафинированное дезодорированное вымороженное, первый сорт",Миладора,899.0,0.0,99.9,0.0,,,,4604075031257,
Майонез на пепепелином яйце,Ricco,610.0,0.4,67.0,2.0,,,,4604075031769,
"Йогурт фруктовый «Лесные ягоды» 1,5%",Васькино счастье,70.7,3.3,1.5,11.0,,,,4604087002771,
Майонез Провансаль,Махеевъ,461.0,0.0,50.5,1.5,,,,4604248000349,
Горчица «Русская»,Махеевъ,196.0,7.5,9.5,20.0,,,,4604248003517,
Джем персик-манго махеев,Махеевъ,272.0,0.0,0.0,68.0,,,,4604248016159,
"Майонезный соус ""сметанный с грибами""",Махеевъ,461.0,0.0,50.5,1.5,,,,4604248018283,
Томатный кетчуп с натуральными специями,Махеевъ,86.0,1.3,0.0,20.2,,,,4604248020736,
Венские вафли со взбитыми сливками и аишней,Шарлиз,400.0,6.0,18.0,54.0,,,,4604386012273,
мяфли смотка,Акульчев,480.0,7.0,28.0,50.0,,,,4604386036477,
Вафли С Начинкой Вишня,Шариз,430.0,5.0,22.0,52.0,,,,4604921004909,
Мягкие Вафли С Карамелью,Шариз,435.0,5.0,23.0,52.0,,,,4604921004923,
Мясо Индеек:Бескостное мясо голени охлажденное,Пава-Пава,120.0,20.0,4.0,0.0,,,,4605025034526,
Черкизово карпаччо из индейки,Черкизово,150.0,34.0,2.0,0.0,,,,4605025038210,
Колбаса Варшавская полукопчёная,Черкизово,343.0,15.0,27.0,10.0,,,,4605025048271,
Кусочки Бедра Индейки В Маринаде,Пава-Пава,130.0,19.0,6.0,0.0,,,,4605025064639,
Шоколад молочный с начинкой «Степ» с лесным орехом,Славянка,490.0,8.0,26.0,55.0,,,,4605142052663,
Шоколад «особый» С Вафельной Крошкой,Кондитерская фабрика им. Н. К. Крупской,540.0,7.5,33.0,54.0,,,,4605142054124,
Чай чорний цейлонський байховий Грінфілд Голден Цейлон (Greenfield Golden Ceylon) в пакетиках для разової заварки,Greenfield,1.0,2.0,8.0,2.0,,,,4605246003523,
Summer Bouquet,Greenfield,0.0,0.0,0.0,0.0,,,,4605246004339,
"Tess Pleasure Black Tea, Rosesip, Apple",,1.0,0.1,0.0,0.0,,,,4605246005947,
Напиток кофейный растворимый ароматизированный Жокей 3 в 1 Крепкий (3 in 1 Strong),Жокей,420.0,2.5,9.0,83.0,,,,4605246012952,
"""Babkini"" Sunflower Seeds",Бабкины,642.9,14.3,46.4,32.1,,,,4605362006217,
обжаренаная килька,За Родину,138.0,7.5,7.0,12.0,,,,4605463008981,
Картофельное Пюре С Куриным Вкусом,Роллтон,350.0,6.0,7.5,65.0,,,,4605496000815,
биг бон курица,Big Bon,380.0,6.5,19.0,46.0,,,,4605496001461,
Лапша куриная по-домашнему,Роллтон,400.0,7.0,18.0,52.0,,,,4605496016687,
Лапша с говядиной по-домашнему,Роллтон,400.0,6.5,17.0,56.0,,,,4605496016700,
Пюре картофельное с сухариками и соус с жареной курицей,Big Bon,420.0,6.0,16.0,62.0,,,,4605496017561,
"Лапша Роллтон Сливочный, со вкусом 4 сыра",Роллтон,420.0,6.0,19.0,55.0,,,,4605496023654,
"Waffeln""Korowka""",Monolith,532.0,7.5,30.0,58.0,,,,4605504522728,
Йогурт черника-голубика,Вятушка,85.0,3.0,2.5,12.5,,,,4605523002171,
Кулич Донской,Золотой колобок,360.0,7.5,8.5,52.0,,,,4605538012219,
Салатные крабовые палочки,Русское море,91.0,5.6,1.3,14.2,,,,4605561012637,
Морская капуста салат Витаминный,Русское море,66.0,1.6,3.6,6.8,,,,4605561015621,
Чука,Руусское Море,190.0,2.4,15.6,9.6,,,,4605561015669,
йогурт фруттис клубника стакан 5%,Fruttis,120.0,2.2,5.0,16.0,,,,4605627006600,
Йогурт персик стакан 5%,Fruttis,98.9,5.0,2.1,15.0,,,,4605627006624,
Фруттис клубника земляника,Фруттс,110.9,2.4,2.5,13.7,,,,4605627006747,
Шоколадный Трюфель,Магнат,319.4,4.0,18.7,32.5,,,,4605922004615,
Луналёд С Мармеладом,Макс,115.0,0.5,0.0,27.3,,,,4605922033424,
Мороженое Фисташка Катаифи,Магнат,339.0,3.5,20.0,34.1,,,,4605922043188,
Эскимо В Шоколаде С Шариками,Магнат,340.0,4.4,20.0,34.5,,,,4605922048053,
Белёвский Зефир Антоновка,Шарлиз,320.0,1.0,0.0,79.0,,,,4606038071072,
Пастила Delibon клюква,Delibon,340.0,0.5,0.0,84.0,,,,4606038072031,
Печенье сдобное «Американо»,Шарлиз,480.0,5.5,24.0,60.0,,,,4606038076503,
Сладко-солёный Попкорн,Mix Bar,380.0,7.0,12.0,60.0,,,,4606038082009,
Смесь Сухофрукты и орехи,Красная цена,470.0,11.0,26.0,47.0,,,,4606038083440,
Пирожное DELIBON бисквитное с молочно-медовом кремом,Delibon,423.0,8.1,23.8,43.4,,,,4606038086229,
Бисквитное пирожное Delibon,Delibon,487.0,5.4,30.6,46.8,,,,4606038086236,
Наггетсы куриные Бон Меню,Бон Меню,221.0,10.4,9.4,23.7,,,,4606038096730,
Котлеты Филейные,Вернер,190.0,13.0,11.0,10.0,,,,4606038105302,
Сырники с изюмом Бон Меню,Бон Меню,234.0,10.0,10.0,23.6,,,,4606038107771,
Томаты маринованные,365 дней,30.0,0.5,0.0,6.5,,,,4606068011451,
Огурцы маринованные с натуральными пряностями,365 дней,18.4,0.0,0.0,4.6,,,,4606068018030,
Сливки 10%,Лента,120.0,2.6,10.0,4.0,,,,4606068022211,
Спагетти макаронные изделия,365 дней,344.0,10.4,1.1,71.5,,,,4606068176693,
Плавленый продукт с сыром сливочный,Емелин Владимир Павлович,232.0,1.5,14.0,25.0,,,,4606068252731,plavlenyy-produkt-s-syrom-slivochnyy-ip-emelin-vladimir-pavlovich
Шпик копчёный в нарезке,365 дней,877.0,1.0,97.0,0.0,,,,4606068291372,
Феттучини С Мясом Цыпленка,Лениа,125.0,6.0,6.5,10.5,,,,4606068513566,
Приправа для картофеля,365 дней,282.0,11.0,6.0,46.0,,,,4606068598365,
Укроп сушёный,365 дней,253.0,20.0,4.4,55.8,,,,4606068598389,
Творог Пластовой,Лента,96.0,18.0,1.2,3.3,,,,4606068788728,
Горошек зеленый,365 дней,30.0,2.5,0.0,5.0,,,,4606068909314,
nesquick,Nestlé,368.0,8.7,4.6,73.0,,,,4606272024070,
Пористый молочный и белый,«Россия» — щедрая душа!,540.0,6.8,30.0,59.0,,,,4606272037315,
Паэлья,4 Сезона,130.0,8.0,3.0,17.0,,,,4606338001199,
Йогурт Манго 2.7%,Хозяйство Васильевой А.В.,90.0,2.8,2.7,14.0,,,,4606379005743,
Сыр Хозяйство Васил.изюм,С Изюмом,154.0,13.8,4.3,15.0,,,,4606379007495,
Творог 5%,Хозяйство Васильевой А.В.,113.0,14.0,5.0,3.0,,,,4606379008355,
Суп харчо с мясом,Рузком,48.8,1.0,3.2,4.0,,,,4606411012159,
РУЗКОМ Каша гречневая с курицей,Рузком,166.0,6.8,8.5,15.5,,,,4606411041333,
Сметана сливочная 15%,Экомилк,160.0,2.6,15.0,3.6,,,,4606419021047,
Масло сливочное Эко милк,,750.0,0.6,82.5,0.8,,,,4606419022471,
сыр творожный,Экомилк,240.0,6.2,22.0,3.0,,,,4606419025199,
творог 5%,EcoMilk,120.0,16.0,5.0,3.5,,,,4606419026400,
Caramel pudding,Ehrmann,80.0,10.0,1.5,6.4,,,,4606779203503,
Коктейль Молочный Ультрапастеризованный,Hyper,55.0,8.0,0.5,4.9,,,,4606779301407,
Hight Protein Caffe Latte cocktail,Hyper,55.0,8.0,0.4,5.1,,,,4606779301605,
Алпенланд йогурт с персиком и маракуйей,Ehrmann,75.0,2.4,0.3,15.9,,,,4606779450501,
Эрмигурт Пудинг ванильный,Ehrmann,105.8,2.7,3.0,17.0,,,,4606779608100,
Эрмигурт Пудинг карамельный,Ehrmann,109.4,2.7,3.0,17.9,,,,4606779608209,
Эрмигурт Пудинг Шоколадный,Ehrmann,116.4,2.9,3.2,19.0,,,,4606779608308,
Эрмигурт Пудинг со вкусом ореха,Ehrmann,110.2,2.7,3.0,18.1,,,,4606779608506,
Ермигут Питьевой персик-маракуйя,Ehrman,71.6,2.2,1.2,13.0,,,,4606779682506,
"Эрмигурт 7,5 % тропические фрукты",Ehrmann,142.7,1.9,7.5,16.9,,,,4606779684005,
Grand Dessert Vanille,Ehrmann,117.9,2.6,4.7,16.3,,,,4606779743108,
Epica йогурт натуральный состав без сахара,Epica,100.0,7.0,6.0,4.2,,,,4606779762109,
эпика,,120.0,5.7,4.8,13.4,,,,4606779762208,
Йогурт с ананасом,Epica,120.0,5.7,4.8,13.6,,,,4606779762307,
Йогурт манго семена чиа,Epica,120.0,5.8,5.0,13.9,,,,4606779762802,
Йогурт,Epica,120.0,5.7,4.8,13.4,,,,4606779763106,yogurt-epica-persik-marakuyya
лёгкий йогурт SIMPLE,Epica,65.0,4.5,1.2,9.0,,,,4606779764806,
"Йогурт с киви и фейхоа ""EPICA""",Epica,120.0,5.7,4.8,13.0,,,,4606779766701,
молочный коктейль GRAND COCKTAIL,Ehrmann,100.0,4.0,2.8,13.8,,,,4606779767104,
Йогурт питьевой Epica,Epica,55.0,4.0,2.9,3.7,,,,4606779771200,
Epica манго,Epica,80.0,3.4,2.5,10.9,,,,4606779771309,
"Клубника, маракуйя",Epica,32.7,3.4,2.5,12.0,,,,4606779771606,
йогурт маракуйя мангостин,Epica,30.8,1.3,1.0,4.4,,,,4606779772009,
йогурт натуральный состав манго,Epica,85.0,4.0,2.5,11.3,,,,4606779772207,
Epica без сахара,Эрманн,60.0,4.7,2.9,3.8,,,,4606779772504,
йогурт натуральный состав малина-базилик,Epica,85.0,4.0,2.5,12.0,,,,4606779782305,
Пудинг молочный «High Protein» со вкусом шоколада,Ehrmann,80.0,10.0,1.5,6.0,,,,4606779910609,
йогурт,,70.0,3.3,2.5,8.8,,,,4606779920707,
Йогурт ALPENLAND с ананасом,ALPENLAND,75.0,2.4,0.3,16.0,,,,4606779970603,
эрмигурт молочный,Ehrmann,90.0,2.8,2.5,13.8,,,,4606779972706,
Стрипсы Замороженные,Бургер Кинг,165.9,13.8,4.7,17.1,,,,4606993000674,
Сырные Медальоны Замороженные,Бургер Кинг,287.8,7.5,13.0,35.2,,,,4606993000742,,ресторан
Торт Тирамису,Baker House,360.0,4.0,12.0,58.0,,,,4607001415718,
Приник Сан-Банэ,Slakon,357.0,4.7,5.5,73.6,,,,4607001473848,
Цикорий растворимый порошкообразный,,312.0,4.0,0.2,65.0,,,,4607001837558,cikoriy-rastvorimyy-poroshkoobraznyy-ooo
Спирали,Щебекенские,350.0,13.0,1.5,72.0,,,,4607001850106,
Митёк пластовой творог 9%,,157.0,16.0,9.0,3.0,,,,4607001870944,
Начос с нежнейшим сыром,Delicados,470.0,6.5,22.5,57.0,,,,4607003120917,
Чипсы кукурузные «Начос» с кусочками оливок и паприкой,Delicados,460.0,6.5,23.0,54.0,,,,4607003121549,
Горчица дижонская,UniDan,160.0,7.0,12.0,6.0,,,,4607003261269,
Горчица «Французская»,Маркет,141.0,7.5,8.6,8.4,,,,4607003264246,
Творог 9% Пачка Светаево,Светаево,160.0,16.0,9.0,3.0,,,,4607003723446,
Творог рассыпчатый 9% пакет Светаево,Светаево,160.0,16.0,9.0,3.0,,,,4607003723453,
Печенье Овсяное С Кусочками Шоколада,Полёт,437.5,10.0,17.5,62.5,,,,4607003861797,
Печенье овсяное «Искусство жить» со злаками на мальтите,Полёт,419.0,6.2,19.7,61.7,,,,4607003861872,
Масса Творожная С Соленой Карамелью И Арахисом,ВкусВилл,212.4,8.0,12.0,18.1,,,,4607004013799,
Творожная Масса Манго-маракуйя,Tvorogi,155.0,11.0,3.5,20.0,,,,4607004013836,
Плавленый сыр Hochland/Хохланд,Hochland,283.0,14.6,23.0,4.3,,,,4607004890086,
Хохланд сливочный,Hochland,291.0,9.8,25.8,4.8,,,,4607004890147,
Сыр творожный Hochland сливочный,Hochland,238.0,6.1,22.2,3.5,,,,4607004891694,
"Тёмный шоколад ""десертный"" с лесным орехом и изюмом",Победа вкуса,480.0,6.5,28.0,51.0,,,,4607005400567,
pobeda 36%,Победа,470.0,11.0,16.0,36.0,,,,4607005408136,
Масло сливочное крестьянское,Княгинское Молоко,662.0,1.0,72.5,1.4,,,,4607006113428,
Мороженое Творожное,ВкусВилл,308.6,5.7,20.6,25.1,,,,4607008055832,
Йогурт из Талицы,Талицкое молоко,85.0,2.8,3.0,11.8,,,,4607009781334,
Салат из морской капусты,Балтийский берег,60.0,1.0,5.0,1.5,,,,4607010730727,
Кириешки «ветчина с сыром»,Кириешки,390.0,10.5,10.0,64.0,,,,4607010740078,
Кириешки салями,KDV,390.0,10.0,10.0,64.0,,,,4607010740191,
Кириешки «холодец с хреном»,Кириешки,380.0,10.0,10.0,63.0,,,,4607010742027,
Кириешки Max «охотничьи колбаски»,Кириешки,410.0,11.0,8.5,73.0,,,,4607010748616,
Печенье овсяное классическое,Посиделкино,440.0,6.0,15.0,70.0,,,,4607011262302,
"Кефир ""Белые росы"" 3,2%",Алапаевский молочный комбинат,57.0,3.0,3.2,4.0,,,,4607011840142,
Биойогурт фруктово-ягодный 2% Чернослив-орехи-мюсли,Радостино,80.4,2.8,2.0,12.8,,,,4607012273987,
Йогурт Натуральный с ягодами Вишня Черешня,Радостино,80.4,2.8,2.0,12.8,,,,4607012274274,
Био-Йогурт Северные ягоды,Радостино,80.4,2.8,2.0,12.8,,,,4607012274281,
Биойогурт фруктово-ягодный с массовой долей жира 2% Персик-абрикос-злаки,Радостино,80.4,2.8,2.0,12.8,,,,4607012274311,
Семечки/Sunflower seeds,Мартин,578.0,20.7,52.9,5.0,,,,4607012350992,
Sonnenblumenkerne Ot Martina Geröstet,,654.0,26.6,57.5,3.7,,,,4607012351005,
Viva,От Мартина,578.0,20.7,52.9,5.0,,,,4607012351951,
Семечки с солью,Мегапапа,320.0,15.0,27.0,3.5,,,,4607012354181,
Хлеб Олимпийское Здоровье Зерновой,Покровский Хлеб,241.0,8.0,0.5,49.5,,,,4607012376466,
Заменитель сахара (Подсластители Новасвит),Novasweet,0.0,0.0,0.0,0.0,,,,4607013790216,
Батончик фруктово ореховый,Зелёная линия,340.0,7.0,12.0,49.0,,,,4607013794733,
ЯШКИНО ВАФЛИ СЛИВОЧНЫЕ,Яшкино,540.0,4.5,30.0,62.0,,,,4607015232585,
ЯШКИНО Вафли шоколадные,Яшкино,540.0,6.0,31.0,60.0,,,,4607015232653,
Яшкино вафли с варёной сгущёнкой,Яшкино,520.0,5.0,28.0,62.0,,,,4607015232677,
глазированные вафли,Яшкино,530.0,5.0,31.0,57.0,,,,4607015232868,
"Печенье сдобное ""овсянное""",КДВ Воронеж,450.0,5.5,18.0,67.0,,,,4607015234398,pechene-sdobnoe-ovsyannoe-ooo-kdv-voronezh
ЯШКИНО ВАФЛИ ГЛАЗИРОВАННЫЕ С ОРЕШКАММ,Яшкино,530.0,6.0,32.0,55.0,,,,4607015234497,
Печенье яшкино с апельсином,Яшкино,380.0,3.5,9.0,70.0,,,,4607015235760,
яшкино печенье с вишней смотка,Яшкино,380.0,3.5,9.0,70.0,,,,4607015235777,
яшкино,Яшкино,430.0,6.5,21.0,53.0,,,,4607015236309,
Булочка с абрикосовой начинкой,Дарница,300.0,5.5,6.0,57.0,,,,4607015738971,
Buckwheat,Увелка,340.0,13.0,2.5,61.0,,,,4607016240893,
Пшено шлифованное,Увелка,350.0,12.5,2.5,65.0,,,,4607016240930,
Крупа перловая,Увелка,310.0,10.0,1.0,61.0,,,,4607016241104,
Гречка экстра,Увелка,358.0,13.0,2.0,72.0,,,,4607016243276,
пшеничная крупа,Уьелка,346.0,12.0,1.0,70.0,,,,4607016245461,
Гречневая крупа,Увелка,460.0,13.0,2.0,72.0,,,,4607016245485,
Овсяные хлопья питательные,Увелка,380.0,12.0,6.5,66.0,,,,4607016245966,
Sweet Russian bagels Kray Karavay,,350.0,8.5,8.0,60.0,,,,4607017922569,
Active Energy с соком граната и малины,,75.0,8.7,0.5,9.0,,,,4607018308348,
"Высокобелковый кисломолочный коктейль с соком апельсина и ананаса, со вкусом манго и маракуйи «Тропический Микс»",Active Energy,76.5,8.7,0.5,9.3,,,,4607018308355,
Active Energy «Манго + Маракуйя»,,75.0,8.7,0.5,9.0,,,,4607018308362,
Gym gym - Raspberries,Rex,303.1,33.0,10.0,23.0,,,,4607018912422,
Вафли Royal cake на сорбите с какао,,502.0,7.2,34.5,40.6,,,,4607018915249,
"Пирожное протеиновое ""брауни"" банановое с коллагеном",protein REX,370.0,12.0,25.0,18.0,,,,4607018917649,
Brownie Вишня,Rex,385.0,12.0,28.0,18.0,,,,4607018917663,
Пирожное протеиновое Блонди малина,Rex,416.0,13.0,28.0,26.0,,,,4607018919407,
Пломбир В Рожке «клубника»,ВкусВилл,278.1,4.2,14.5,32.8,,,,4607020926424,
Кулич От Палыча,У Палыча,376.0,4.4,16.1,53.4,,,,4607021750943,
Буррата со вкусом песто,Galbani,222.0,12.0,18.0,3.0,,,,4607022663587,
"Сливочное масло ""Тысяча Озёр""",Невские сыры,748.0,0.6,82.5,0.8,,,,4607023231204,slivochnoe-maslo-tysyacha-ozer-ooo-nevskie-syry
Cream Milk 20%,Vilage House,206.0,2.6,20.0,3.8,,,,4607025396840,
Шашлычный кетчуп,Миоре,110.0,1.0,0.0,26.0,,,,4607026600984,
Сардельки Телячьи,Ремит,180.0,11.0,14.0,2.0,,,,4607030206479,
"Сырок творожный глазированный кондитерской глазурью с крошкой печенья, со вкусом грецкого ореха и начинкой кондитерской сгущенной ""Пингвинёнок Понго""",Айсберг-Люкс,390.0,7.6,23.0,38.8,,,,4607031472590,syrok-tvorozhnyy-glazirovannyy-konditerskoy-glazuryu-s-kroshkoy-pechenya-so-vkusom-greckogo-oreha-i-nachinkoy-konditerskoy-sguschennoy-pingvinenok-pongo-ooo-pk-aysberg-lyuks
Масса творожная с изюмом,ФрауМу,370.0,6.8,23.0,33.9,,,,4607031478127,
Шоколадный Рожок,Большой Папа,270.0,3.5,13.0,35.0,,,,4607032861997,
Тунец натуральный,Магуро,92.0,21.1,0.8,0.0,,,,4607033687251,
Пшеничный Хлебец,Алтайские Хлебцы,340.0,11.3,2.0,67.2,,,,4607034541743,
"Вафельные рулетики ""Яшкино"" со вкусом сгущённого молока",Яшкино,510.0,5.0,25.0,66.0,,,,4607035653278,
ЯШКИНО ВАФЕЛЬНЫЙ СЭНДВИЧ,Яшкино,500.0,5.5,27.0,58.0,,,,4607035653957,
Протертая мякоть томатов «ПАССАТА»,Пиканта,30.0,1.5,0.0,6.5,,,,4607036204790,
Миндаль Золотой,Grandmaster,630.0,18.6,54.2,16.9,,,,4607036556042,
Сливочный Плавленый Сыр Protein,President,246.0,15.0,17.5,7.0,,,,4607037124233,
Классический Соевый Соус,Sen Soy,56.0,1.0,5.0,6.0,,,,4607041133054,
Соевый соус классический,Sen Soy,55.0,2.5,0.0,11.0,,,,4607041137083,
Чипсы нори,Sen Soy,550.0,14.7,44.5,23.0,,,,4607041138080,chipsy-nori-sensoy
Хлеб заварной фруктовый нарезанный в упаковке,Орловский Хлебокомбинат,180.0,4.5,2.0,37.0,,,,4607042003493,
Яблоко 100% сок без добавления сахара,Добрый,42.0,0.2,0.1,10.5,,,,4607042434877,
сок,Добрый,48.0,0.0,0.0,12.0,,,,4607042434891,sok-dobryy-multifrukt
Salad Tuna,Pelican,149.0,19.1,8.0,0.0,,,,4607043160300,
Вафли какое шоколадные,Вереск,500.0,4.5,33.0,59.0,,,,4607043181190,
Стрипсы Острые Куриные,Троекурово,140.0,21.0,4.0,4.0,,,,4607043336927,
Колбаски гриль куриные,Троекурово,80.0,12.0,3.0,1.0,,,,4607043337504,
Котлеты куриные Куролеты,Наша Ряба,150.0,17.0,7.0,5.0,,,,4607043338334,
Сахар белый кристаллический,Русагро,400.0,0.0,0.0,100.0,,,,4607046120424,
Молоко,Хорошее Дело,60.0,3.0,3.2,4.7,,,,4607048483589,
Чипсы картофельные Соломка с солью,Lorenz,509.0,5.6,30.0,52.0,,,,4607048836897,
Чипсы Crunchips Чакалака,Crunchips Lorenz,514.0,5.5,31.0,51.0,,,,4607048837023,
Маскарпоне,Pretto,360.0,4.5,35.0,6.7,,,,4607052402361,
Сыр Мягкий Кремчиз Без Лактозы,ВкусВилл,260.0,5.3,25.2,3.0,,,,4607052406758,
Сулугуни Сыр,Умалат,291.0,21.2,21.6,3.0,,,,4607052406833,
Мороженое Молочное С Вишней В Вафельном Стаканчике,ВкусВилл,162.0,4.3,4.0,27.2,,,,4607052684316,
творог искренне ваш,Искренне Ваш,121.0,16.0,5.0,3.0,,,,4607053222159,
Tvorog 9%,Искренне Ваш,157.0,16.0,9.0,3.0,,,,4607053223781,
Творог рассыпчатый,Искренне Ваш,103.0,18.0,2.0,3.3,,,,4607053227833,
Греческий йогурт «Классический»,Kesidis,70.0,4.0,4.0,4.0,,,,4607053243246,
"Масло сливочное 72,5 %",Простоквашино,662.0,1.0,72.5,1.4,,,,4607053477306,
Мороженое Пломбир,ВкусВилл,235.0,4.1,15.0,20.9,,,,4607056865087,
Овсяные хлопья,Nordic,360.0,13.5,7.2,56.0,,,,4607058800376,
Йогурт термостатный,Семенишна,60.0,3.2,3.5,4.0,,,,4607058923013,
Козельский Живой йогурт,Козельский Молочный завод,78.1,2.9,2.5,11.0,,,,4607060380569,
Сырок творожный со сгущённым молоком в молочном шоколаде,ВкусВилл,295.0,16.3,11.0,32.7,,,,4607060382402,
Ванильный сахар,Dr. Bakers,398.0,0.0,0.0,99.5,,,,4607061494722,
Масло сладко-сливочное 82.5%,Село Зелёное,748.0,0.6,82.5,0.8,,,,4607064311712,
Творог массовая доля жира 5%,Село Зелёное,105.0,12.0,5.0,3.0,,,,4607064311774,
Йогурт. Печеное яблоко-корица,Село Зелёное,88.0,2.9,3.5,11.3,,,,4607064313259,
м&мс с молочным шоколадом,M&M'S,477.8,4.4,18.5,71.6,,,,4607065000868,
Mars Max,Mars,460.0,3.8,17.5,70.9,,,,4607065001490,
Doshirak boeuf,,400.0,8.0,17.0,54.0,,,,4607065580070,
дошuрак,Доширак,440.0,7.0,18.0,63.0,,,,4607065580216,
Картофельное пюре быстрого приготовления «Доширак» со вкусом мяса,Доширак,353.0,5.1,5.3,71.2,,,,4607065580278,
Картофельное пюре быстрого приготовления «Доширак» со вкусом грибов,Доширак,385.0,5.1,5.3,71.2,,,,4607065580285,
Cheese Рамен,Доширак,418.0,9.5,12.0,68.0,,,,4607065580704,
ежедень,,270.0,8.0,22.0,11.0,,,,4607065606626,
Сыр плавленный пастообразный сладкий «шоколадный»,Омичка,280.0,6.0,16.0,26.0,,,,4607065608002,
Злаковый коктейль клюквенный доктор корнер смотка,Dr.Körner,320.0,9.5,2.0,61.0,,,,4607065711764,
Хлебцы хрустящие карамельные кукурузно-рисовые,Dr.Körner,310.0,6.5,0.0,70.0,,,,4607065714505,
Злаковый десерт молочный шоколад,Dr. Korner,500.0,6.5,20.0,65.0,,,,4607065717285,
SNICKERS КРИСПЕР,Snickers,480.0,6.8,22.0,61.1,,,,4607065735395,
Мороженое Эскимо,От Деда Мороза,280.0,2.8,20.0,22.0,,,,4607067934482,
Мороженое с Фисташкой,Айсберри,320.0,4.0,21.0,30.0,,,,4607067935175,
Riz soufflé,,387.0,6.7,0.7,88.0,,,,4607068495357,
Куйбышева 75 Читос сыр 85,Cheetos,490.0,7.5,22.0,63.0,,,,4607069339681,
Сыр плавленный Швейцарский,Романовский,232.0,1.5,14.0,25.0,,,,4607069987813,
Быстрозамороженная Овощная Смесь Сеул,Планета Витаминов,34.0,1.9,0.3,6.1,,,,4607070256458,
Хлопья гречневые быстрого приготовления,Маркет,360.0,7.0,5.0,70.0,,,,4607072718381,
Рис Бурый,Маркет collection,350.0,7.0,2.0,77.0,,,,4607072718589,
Макароны цельнозерновые Linguine,AIDA,330.0,15.0,0.5,62.0,,,,4607072719531,
Биотворог манго,Вкус и польза,106.0,9.0,4.2,8.0,,,,4607073964046,
"хлебобулочные изделия, Сэндвич-лайт, ржаные",Вес Контроль,240.0,8.0,1.0,50.0,,,,4607078679310,
"Олейна ""Классическая""",бунге-снг,899.0,0.0,99.9,0.0,,,,4607083550482,
Biscuit Choco Boy Orion 45G Corée,Orion,530.0,8.0,27.0,56.0,,,,4607084351323,
Choco Pie Original,Orion,430.0,4.5,18.0,63.0,,,,4607084351354,
Choco Pie,Orion,506.7,4.5,18.0,63.0,,,,4607084351385,
Агуша яблоко персик,Лебединский,48.0,0.0,0.0,12.0,,,,4607096002961,agusha-yabloko-persik-ooo-lebedinskiy
Хлебцы Бородинские,Щедрые,397.0,12.9,2.6,80.5,,,,4607096571603,
Сырок плавленный Швейцарский,Романовский,232.0,1.5,14.0,25.0,,,,4607096987813,
Чипсы Сметална Лук,Макси Чипс,561.0,6.5,35.0,55.0,,,,4607098481894,
Колбаски Охотничьи,Окраина,470.0,14.0,46.0,0.0,,,,4607099268234,
Сосиски Баварские,ВладПродукт,200.0,12.0,16.0,2.0,,,,4607100237440,
Молоко Легкое,Гринагро,35.0,3.4,0.0,5.7,,,,4607103822896,
Жаркое из свинины,Пятёрочка Кафе,180.0,6.0,13.0,10.0,,,,4607105669017,,ресторан
Хлопья овсяные Геркулес,Бугровские мельницы,306.0,11.0,6.0,53.1,,,,4607106950848,hlopya-ovsyanye-gerkules-ooo-bugrovskie-melnicy
"Батончик ""JET'S/ ДЖЕТС"" с печеньем и мягкой карамелью, покрытой глазурью",КДВ Воронеж,480.0,2.5,23.0,66.0,,,,4607109843598,batonchik-jet-s-dzhets-s-pechenem-i-myagkoy-karamelyu-pokrytoy-glazuryu-ooo-kdv-voronezh-kdv
Батончик Чио Рио,KDV,510.0,3.5,29.0,59.0,,,,4607109843741,
"Батончик Super с нугой и карамелью, покрытый карамелью",KDV,430.0,2.0,14.0,75.0,,,,4607109844052,
чебупицца курочка по-италлянски,Горячая Штучка,270.0,8.0,13.0,29.0,,,,4607111034014,
Хрустящие крылышки острые к пиву,Горячая Штучка,270.0,12.0,13.0,27.0,,,,4607111034137,
Грецкий Орех Сушеный,Семушка,670.0,16.0,62.0,12.0,,,,4607114693010,
Кадровый орех,,640.0,20.0,56.0,13.6,,,,4607114694017,
Капуста маринованная кисло сладкая,ФЭГ,30.0,1.0,0.1,7.0,,,,4607115061719,
Капуста маринованная diet,ФЭГ,15.0,1.0,0.1,3.0,,,,4607115063225,
Молоко 3.2%,ВкусВилл,59.6,3.0,3.2,4.7,,,,4607115353289,
Карамель Гусиные лапки с переслоенной начинкой,РотФронт,430.0,2.0,8.0,87.0,,,,4607117890836,
Chocolat noisettes/raisin - 100 G,Alyonka,550.0,7.0,35.0,51.0,,,,4607117892090,
Гречневая крупа,Гудвилл,329.0,12.6,2.6,68.0,,,,4607120230933,
"печенье на фруктозе с начинкой ""Черника""",Хлебный спас,380.0,4.0,12.0,64.0,,,,4607121290325,
Печенье на фруктозе Топлёное молоко,Хлебный спас,447.0,7.5,17.0,66.0,,,,4607121293135,
Печенье Овсяное,Хлебный спас,441.5,6.5,19.5,60.0,,,,4607121293951,
Половинки,Хлебный спас,429.0,5.0,17.0,64.0,,,,4607121296013,
Yo'gurt Овсяный Печёное Яблоко,Velle,70.0,1.5,0.5,15.0,,,,4607124143932,
рахат лукум ароматный,Тимоша,368.0,0.0,0.0,92.0,,,,4607132823505,
Капуста квашеная шинкованная без сахара,Белоручка,20.0,1.0,0.0,4.0,,,,4607136272347,
"Напиток безалкогольный ""лимонад ""из лавки"" с соком манго и маракуйи сильногазированный пастеризованный",Яндекс Лавка,31.0,0.0,0.0,7.8,,,,4607138222425,
Коколини Пеперчини,ВкусВилл,33.9,0.2,0.3,7.6,,,,4607138224788,
Коровка вафли глаз 50гр,,530.0,4.5,30.0,60.0,,,,4607144732185,
Коровка,Коровка,460.0,7.7,16.7,70.0,,,,4607144738774,
Popcorn Солёный,CorinCorn,459.0,6.0,27.0,48.0,,,,4607148390527,
Попкорн Соленый,Яндекс Лавка,408.0,7.5,14.0,63.0,,,,4607148395560,
"Котлеты ""Филейные"" Из Рыбы В Панировке",Ozon fresh,110.0,11.0,1.4,12.9,,,,4607149456437,
Котлеты Из Горбуши И Минтая,Ozon fresh,120.0,10.2,3.0,14.0,,,,4607149456444,
Хлеб Тостовый Премиум,Аютинский,344.0,10.0,9.2,55.3,,,,4607152381566,
Хлеб тестовый бел,Аютинский Хлеб,243.0,7.5,2.0,48.7,,,,4607152381795,
Попкорн сладаая карамель,ВкусВилл,447.5,4.4,11.9,80.7,,,,4607156603602,
Палочки рисовые с медом,Balance,366.0,7.8,2.0,60.0,,,,4607158030086,
Брокколи Бланшированная,Азбука Life,45.5,3.7,0.5,6.6,,,,4607160301860,
лапша с говядиной,Биг ланч,400.0,6.5,20.0,50.0,,,,4607160451039,
Coffe,Простоквашино,53.3,2.9,2.5,4.8,,,,4607161624647,
Сок яблочный прямого отжима,Сады Придонья,44.0,0.0,0.0,11.0,,,,4607163091560,
"Сок ""яблоко вишня""",Сады Придонья,46.0,0.0,0.0,11.5,,,,4607163091607,
Сады Придонья яблоко-виноград (100% сок),Сады Придонья,46.0,0.0,0.0,11.5,,,,4607163093014,
"Йогурт, обогащенный витаминами (A, D3) с клубникой",Эгоша Kids Star,85.0,3.6,2.8,11.3,,,,4607167841475,
Лаваш Для Шавермы,Рижский Хлеб,260.0,9.5,0.9,55.0,,,,4607168124140,
Лепешка Тонкая С Томатом И Специями,Рижский Хлеб,232.0,6.1,0.8,50.1,,,,4607168124638,
Булочки для бургера,bagerstat,260.0,7.0,3.5,50.0,,,,4607170213207,
Взбитые Сливки Фитнес,Альпенгурт,256.0,1.1,24.0,7.8,,,,4607178795996,
"Сок прямого отжима неосветвленный, пастеризованный, фруктовый: апельсиновый с мякотью",ВкусВилл,47.7,0.3,0.1,11.4,,,,4607183120158,
Бананы вяленые Natur Foods,Masterfood,240.0,4.5,0.5,54.0,,,,4607192190081,
Картофель Для Жарки Замороженный,Свой Картофель,77.0,2.0,0.4,16.3,,,,4607193011675,
Штрудель Австрийский,Сдобная особа,390.0,5.0,15.0,57.0,,,,4607934470976,
"Килька по-мексикански, балтийская неразделанная обжаренная с овощами в томатном соусе",Ряжская РПК,155.0,10.0,11.0,4.0,,,,4607951000668,
шпикачки пара может,Останкино,232.0,18.0,28.0,3.0,,,,4607958071425,
Дымовийа Из Лопатки,Перекрёсток,97.0,13.0,5.0,0.0,,,,4607958075379,dymoviya-iz-lopatki-market-perekrestok
Сочные,Папа может,164.0,11.0,12.0,3.0,,,,4607958076024,
Сосиски молочные,Папа может,169.0,11.0,12.0,3.0,,,,4607958076048,
шпикачки,Папа может,232.0,10.0,20.0,3.0,,,,4607958076154,
Гранола Яблоко Корица,R.A.W. Life,448.7,11.8,16.2,61.3,,,,4607959062361,
Protein cookie,o12,360.0,15.0,21.0,27.0,,,,4607960491020,
Гризон говядина,Grizzon,269.4,55.6,5.6,0.0,,,,4610002742219,
Хлопья Кукурузные,Любятово,378.0,6.8,1.1,83.0,,,,4610003252762,
Любятово мюсли,Любятово,456.0,7.7,17.9,63.0,,,,4610003252809,
Печенье шоколадное,Любятово,451.0,7.2,16.9,65.9,,,,4610003254766,
Колбаса Отличная,Дым Дымыч,407.0,23.0,35.0,0.0,,,,4610005173799,
Мюсли с бананом и шоколадом,Matti,390.0,7.0,13.0,62.0,,,,4610007391061,
Кимчи,Слобода Подновье,110.0,1.0,8.5,8.5,,,,4610007540254,
Цикорий натуральный растворимый. Порошкообразный,Русский цикорий,288.0,4.0,0.0,68.0,,,,4610009000251,
Хлопья овсяные Геркулес,Сольоптторг,305.0,11.0,6.2,51.0,,,,4610011340079,hlopya-ovsyanye-gerkules-ooo-solopttorg
Крупа гречневая ядрица быстроразваривающаяся,Сольоптторг,350.0,13.0,2.5,68.0,,,,4610011340086,krupa-grechnevaya-yadrica-bystrorazvarivayuschayasya-ooo-solopttorg
rich Индиан тоник смотка,rich,20.0,0.0,0.0,4.7,,,,4610011503368,
добрый кола ледяной лимон,Добрый,18.0,0.0,0.0,4.5,,,,4610011503597,
Печенье Нежное Суфле,Шарлиз,420.0,3.5,17.0,62.0,,,,4610012044860,
Творог 5 %,Славянские кружева,120.0,16.0,5.0,3.0,,,,4610030033310,
Молоко безлактозное 1.5%,ВкусВилл,43.5,2.8,1.5,4.7,,,,4610030033884,
Манго Кубики Нарезанные,Азбука Вкуса,60.0,0.8,0.4,13.4,,,,4610043841438,
Гренки С Сыром,Дон Крутон,510.0,7.0,34.0,45.0,,,,4610050400147,
Багет Сметана с Зеленью,Дон Крутон,430.0,6.0,25.0,45.0,,,,4610050400307,
Зефир Молочный,Пастухов,470.0,4.0,25.0,58.0,,,,4610050690111,
чипсы брутто карт и морская соль,Brutto,550.0,5.5,37.0,48.0,,,,4610053791143,
Чипсы Король И Шут Грибы,Brutto,550.0,5.5,37.0,48.0,,,,4610053791747,
Шоколад молочный с фундуком,Победа,590.0,0.0,44.0,34.0,,,,4610082660076,
Вафли шоколадные,Честный состав,550.0,7.0,32.0,58.0,,,,4610082901216,
Вафли сливочно-ванильеые,Пермская,55.0,6.0,31.0,61.0,,,,4610082903845,
Икра кабачковая,GREENOLA,90.0,0.0,7.0,7.0,,,,4610083433167,
Икра Из Молодых Баклажанов,Ресторация Обломов,100.0,3.0,6.0,9.0,,,,4610083433907,
Чиабатта с куриным филе,Мираторг,231.0,13.0,8.0,28.0,,,,4610085952758,
Булочка Бриошь,Мираторг,290.0,7.9,9.4,41.7,,,,4610085954349,
"Молоко 2,5",Станция молочная,53.0,3.0,2.5,4.7,,,,4610093720035,
"Hi-Pro Protein Cocktail, Клубника",Let's Go,45.3,6.3,0.0,5.1,,,,4610093729083,
Кофе Латте,Let's Go,52.0,3.0,2.2,5.0,,,,4610093729663,
Палочки крабовые Vici,Vici,95.0,6.6,0.5,15.9,,,,4610101146710,
Зел.лин творог 9%,ВкусВилл,157.0,16.0,9.0,3.0,,,,4610115201870,
Йогурт на кубанском молоке,Агрокомплекс,67.1,3.2,3.5,5.7,,,,4610142703934,
Йогурт термостатный на кубанском молоке,Агрокомплекс,52.1,3.2,2.5,4.2,,,,4610142706171,
Snaqfer батончик вафельный «Фундучный крем и бельгийский шоколад»,Snaq Fabriq,381.0,7.0,27.0,16.0,,,,4610169562286,
Chika Layers Батончик протеиновый «Фисташковый йогурт»,Chikalab,328.0,30.0,13.8,3.6,,,,4610169565164,
Chikalayers peanut&caramel,Chikalab,333.3,30.0,14.2,3.8,,,,4610169565737,
Бомбар фисташковый пломбир,Bombbar,313.3,33.3,11.0,20.3,,,,4610169567175,
Вафельный батончик Wafer со вкусом топленого молока,Bombbar,426.5,25.0,28.0,10.0,,,,4610169568585,
Bombbar wafer Тирамису,Bombbar,367.5,25.0,28.0,12.0,,,,4610169569773,
Чернослив,Самокат,246.0,2.0,0.7,57.5,,,,4610169742725,
"Финики Королевские Сорта ""Меджуль"" Сушёные С Косточкой",Самокат,310.0,1.8,0.2,75.0,,,,4610169742787,
Cappuccino caramel,Narura selection,60.0,2.3,2.6,7.2,,,,4610172091797,
Cappuchino caramel,Natura selection,60.0,2.3,2.6,7.2,,,,4610176457858,
Ягодный Коктейль (смесь),Азбука Вкуса,44.0,1.0,0.3,9.4,,,,4610177511108,
Сладкий Картофель Батат,Азбука Вкуса,158.0,3.4,4.9,25.2,,,,4610177511962,
Молочный Продукт Панакота Десерт Из Сливок Сливки Клубника,Коломенское,165.0,3.2,9.0,18.5,,,,4610180782687,
Пудинг Молочный Ванильный,ВкусВилл,97.8,2.8,3.0,14.9,,,,4610180784605,
Пудинг молочный шоколадный,ВкусВилл,111.2,3.3,3.0,18.0,,,,4610180784629,
Протеиновое печенье,Fit Kit,267.5,25.0,12.0,16.0,,,,4610196202513,
Улитка с маком,Bakery Story,430.0,7.0,20.0,56.0,,,,4610203180513,
Круассан с салями,Самокат,260.0,7.0,16.0,23.0,,,,4610249590000,
Шницель Куриный с Макаронами,Cook Chart,160.0,9.2,2.3,25.1,,,,4610262160389,
Рассольник БУДЗЯКСКИЙ из свежих овощей Башкирии,Будзякский,132.0,2.4,6.3,16.5,,,,4610271461323,
Тунец Кусочки В Собственном Соку,Fish House,104.0,24.0,1.0,0.0,,,,4610401524461,
Чизкейк без сахара,В.П.Пастухов,330.0,6.5,27.0,15.0,,,,4610434830478,
Protein milkshake Клубника,Shock,52.0,8.1,0.0,4.7,,,,4610540350020,
Йогурт питьевой,Зелёный луг,78.0,2.9,2.5,11.0,,,,4612751900988,
Йогурт питьевой без сахара,Зелёный луг,53.0,3.2,2.5,4.4,,,,4612751901343,
мишки в лесу батончик,Победа,520.0,6.5,30.0,57.0,,,,46131195,
"Паштет с гусиной печенью ""Фуагра по-французски""",Деликатес Дичь,268.0,9.0,24.0,4.0,,,,4616298023575,
Московский,Фили-Бейкер,318.0,4.7,15.7,37.0,,,,4620001323814,
Козинак ассорти,Азовская кондитерская фабрика,550.0,16.0,36.0,42.0,,,,4620004251077,
Козинак арахисовый,Азовская кондитерская фабрика,530.0,19.0,33.0,39.0,,,,4620004251220,
Мармелад Жевательнвй Фигурный Кислый,Mix Bar,320.0,5.0,0.0,75.0,,,,4620004257918,marmelad-zhevatelnvy-figurnyy-kislyy-mixbar
Клубничное,Лукашинские,255.0,0.0,0.0,64.0,,,,4620006811620,
Сухарики с салями,Воронцовские,390.0,10.0,10.0,64.0,,,,4620011190192,
Тесто для чебуреков,Тестов,250.0,9.0,1.0,52.0,,,,4620013680127,
Лапша гречневая,Midori,360.0,14.4,0.9,72.4,,,,4620015267869,
"Йогурт натуральный 2,8%",От фермера,57.0,3.0,3.0,4.5,,,,4620016810354,
"Йогурт со злаками фруктовый м. д. ж. 2,8 %",От фермера,83.0,3.0,3.0,11.0,,,,4620016810378,
"Йогурт лесная ягода фруктовый 2,8 %",От фермера,83.0,3.0,3.0,11.0,,,,4620016810392,
"Йогурт клубника фруктовый 2,8 %",От фермера,83.0,3.0,3.0,11.0,,,,4620016810453,
"Йогурт «От фермера» черника 2,8%",От фермера,103.0,8.0,3.0,11.0,,,,4620016810873,
Черника,Русский Лес,200.0,0.4,0.2,48.0,,,,4620016880593,
Крекер с сыром,Яшкино,450.0,8.0,21.0,60.0,,,,4620017451211,
"Кириешки Макси ""Сладкий Чили""",Кириешки,400.0,10.0,10.0,68.0,,,,4620017452249,
Тараллини классические,nina-farina,460.0,9.0,20.0,61.0,,,,4620017453130,
krut frut,,310.0,5.5,0.2,71.0,,,,4620017454052,
Яшкино Мини-пай голландский с малиновой начинкой,КДВ Воронеж,390.0,3.5,14.0,62.0,,,,4620017457992,yashkino-mini-pay-gollandskiy-s-malinovoy-nachinkoy-ooo-kdv-voronezh
Choco Pie Banana,Tondi,430.0,4.5,16.0,66.0,,,,4620017458395,
Мороженое шоколадное,48 копеек,189.0,3.6,8.7,24.0,,,,4620021192995,
Мороженое OREO с кусочками печенья,Фронери рус,300.0,4.5,11.0,47.0,,,,4620021193114,morozhenoe-oreo-s-kusochkami-pechenya-ooo-froneri-rus
Бон Пари фруктовый лёд со взрывной карамелью,Фронери рус,117.0,0.1,2.9,22.5,,,,4620021193213,bon-pari-fruktovyy-led-so-vzryvnoy-karamelyu-ooo-froneri-rus
Мороженное клубника со сливками,Sunreme,256.0,2.9,10.4,37.7,,,,4620021193831,
Мясные чипсы с индейкой чёрный перец,Дымов,247.0,55.0,3.0,0.0,,,,4620031248699,
pigсоны чипсы мясные из свинины,meat house,360.0,45.0,20.0,0.0,,,,4620031676621,
Ленинградское мороженное,Петрохолод,240.0,3.0,10.5,33.5,,,,4620032653188,
Мороженое С Шокладной Крошкой,Как Раньше,250.0,3.0,15.5,24.0,,,,4620032654024,
Мороженое СВЕТАЕВО Эскимо с арахисом и карамелью,Светаево,345.0,4.0,24.5,27.5,,,,4620032654741,
Рамен Цыпленок,Азбука Вкуса,99.9,9.1,4.7,5.3,,,,4620034319556,
Сырок С Печеньем,Сыркофф,395.0,7.0,23.0,40.0,,,,4620038122176,
"Гранола ""Манго-Ананас""",Granolife,365.0,8.3,10.8,58.6,,,,4620039530444,
Мюсли Гранола Молочный Шоколад-Фундук,Granolife,410.0,9.8,15.0,58.9,,,,4620039531557,
"Айран с массовой долей жира 2,0%",Асеньевская Ферма,30.0,1.4,2.0,1.8,,,,4620065680434,
Сорбет малина-личи,ВкусВилл,129.1,0.4,0.3,31.2,,,,4620078448700,
Хлеб пшеничный,Британские пекарни,236.0,6.9,2.0,47.6,,,,4620079290414,
Круассан с ветчиной,Британские пекарни,360.0,9.0,28.0,18.0,,,,4620079290445,
Йогурт с драже шарики злаковые в белом и молочном шоколаде,ВкусВилл,91.5,3.5,4.0,10.4,,,,4620126881084,
Онигири С Угрём,Самокат,190.0,7.3,3.6,31.2,,,,4620196970770,
Печенье с мармеладной начинкой,Озби,387.0,4.1,7.8,75.0,,,,4620202072214,
Чебупели,Горячая Штучка,240.0,7.0,11.0,28.0,,,,4620207491010,
Шефбургер Сальса,Rostic’s,211.0,12.9,6.6,25.1,,,,4620233010261,,ресторан
Дамплинг С Курицей,Уплемоны,140.0,10.5,3.0,16.5,,,,4620265310742,
Дамплинги С Курицей Кимчи,Уплемоны,130.0,10.0,3.0,16.0,,,,4620265310919,
Raspberry In Dark Chocolate,Frambini,370.0,4.4,22.0,38.8,,,,4620269170076,
Kim Chi Bo,Reena,420.0,11.0,12.0,67.0,,,,4620288010902,
Tom Chua Cay Cup,Reena,390.0,9.0,12.0,62.0,,,,4620288011046,
Сендвич На Угольном Хлебе С Индейкой,Перекрёсток Select,216.7,12.2,8.3,23.9,,,,4620354710088,
Розовый боул с креветками и форелью,Creative Kitchen,166.1,2.1,12.1,12.2,,,,4620366704518,
Кедровый орех,Аркада,660.8,18.9,57.6,16.7,,,,4620769271310,
Amare вареная сгущенка,Победа,510.0,5.0,26.0,64.0,,,,46221001,
Нескафе классик,,425.6,1.4,12.0,78.0,,,,46226914,
Нескафе пломбир,Nescafé,426.7,2.3,10.0,80.0,,,,46263940,
Джем Груша Ванило,Mr. Djemius Zero,25.0,0.2,0.1,5.0,,,,4627129930290,
"Каша мультизлаковая с протеином и аминокислотами ""Яблоко И Корица""",PSiViTY,312.5,13.5,5.5,52.2,,,,4627154746675,
Биойогурт 2% черника питьевой,Устьянский,74.0,2.8,2.0,11.0,,,,4627171230782,
Семена подсолнечника жареные,Джинн,660.0,27.0,58.0,9.0,,,,4630007400419,
Джин синий 100,Джин Премиум,660.0,27.0,58.0,9.0,,,,4630007401201,
"Молоко 2,5%",Углече поле,53.0,3.0,2.5,4.7,,,,4630010380777,
Отруби ржаные экструдированные,Ого!,274.0,13.0,2.0,40.0,,,,4630012080262,
Весёлый Кактус,Чистая Линия,350.0,5.3,26.5,22.2,,,,4630012984072,
Zephyr Antonovka Apple,Belyov Pastila,320.0,1.0,0.0,79.0,,,,4630014500355,
Йогурт фруктовый с черникой,Ермолино,68.2,2.8,1.0,12.0,,,,4630024302116,
Соус чили,,45.0,1.0,1.0,11.0,,,,4630024630776,
Голландские Вафли Вареная Сгущенка,Яшкино,440.0,6.5,16.0,68.0,,,,4630026562402,
Кимчи,Данессия,16.0,1.2,0.2,2.0,,,,4630031051274,
Карпаччо Из Курицы Сырокопченое,Ozon fresh,107.0,17.0,3.0,3.0,,,,4630035077386,
Карпаччо,Сава,250.0,30.0,14.0,0.0,,,,4630049120979,
"Стейк индейки ""По-Мексикански""",Индилайт,95.0,18.0,2.5,0.0,,,,4630053870242,
Филе малое,Индилайт,110.0,22.0,2.5,0.0,,,,4630053873397,
Кутабы с сыром и зеленью,Cook Chart,240.2,7.7,9.4,31.2,,,,4630061958420,
Блинчики Сытый Папа с мясом,С пылу,160.0,8.5,7.0,16.0,,,,4630073805040,
Кулич с цукатами Пасхальный,БКК,355.0,6.0,9.5,62.0,,,,4630076204802,
Чизкейк,Яндекс Лавка,332.5,6.0,22.0,27.5,,,,4630111480697,chizkeyk-lavka-yandeks
Мульти протеин,Wild food,353.3,73.0,3.7,7.0,,,,4630153508328,
Сыр Протеиновый С Томатами И Базиликом,Oldenburger,263.0,32.0,15.0,0.0,,,,4630155521677,
Запеканка творожная яблоко и корица,Вкус и польза,187.0,12.0,5.0,23.5,,,,4630168404646,
Мусс твороженный клубника стружка кокоса,Fresco,141.3,3.3,8.1,13.8,,,,4630199657981,
Овсянка малина семена чиа,Fresco,115.0,4.0,3.0,18.0,,,,4630199659329,
Сэндвич грил-чиз болоньезе С песто,Из лавки,267.0,9.0,11.0,33.0,,,,4630257677838,
Protein,Let's Go,45.0,6.0,0.0,4.8,,,,4630288090699,
Цезарь с курицей,Самокат,240.0,9.6,19.6,6.4,,,,4630388391467,
Кулич кокос и вафельная крошка,Самокат,420.0,5.0,23.0,49.0,,,,4630388457156,
Тортилья с курицей и картофельным хашбрауном с сырным соусом,Gaston Kitchen,236.0,7.0,14.0,21.0,,,,4630451610082,
Томлёная говядина в перечном соусе с орзо,Перекрёсток Select,130.4,7.6,5.0,13.6,,,,4630451611164,
Киш с курицей и грибами,Вкустех,161.5,8.0,10.0,9.9,,,,4630451612185,
Пирог Лоранский с лососем и шпинатом,Вкустех,185.6,8.9,11.3,11.9,,,,4630451612215,
Сладкий Микс,Мармеладыч,335.0,4.3,0.5,76.0,,,,4630524810043,
"Десерт кокосовый с семенами чиа, манго и маракуей",Лавка,147.0,2.8,7.2,17.9,,,,4630568880026,
"High Protein Bar, Crunchy, Coconut Cookies",BootyBar,330.0,30.0,10.0,45.0,,,,4631152606701,
Семена Чиа,Narmak,512.0,16.1,30.7,42.1,,,,4631152608231,
Лепешка С Мясом И Картофелем,Рамонти Пайз,241.0,8.0,8.7,32.7,,,,4631169016654,
Перец Халапеньо Красный С Чесноком В Масле,Fresconti,160.0,1.3,12.8,11.0,,,,4631169983673,
Хачапури по-мегрельски,Рамонти Пайз,274.4,12.1,12.0,29.5,,,,4631170503112,
Пирожное картошка с сосновыми шишками,Sweet marin,449.0,3.8,21.4,60.3,,,,4631182009138,
"Йогурт ""сливочный"" Laplandia с тыквой, абрикосом и пряностями",Viola,134.0,3.6,7.1,14.0,,,,4640001733253,
Viola Lactose Free,Viola,74.0,4.6,3.4,6.3,,,,4640001733512,
Йогурт Viola Слив.Lap. с нап. фисташка,,144.0,3.6,7.1,16.3,,,,4640001734199,
Йогурт безлактозный FREE,Viola,74.0,4.6,3.4,6.3,,,,4640001734212,
виола дыня,Viola,99.0,3.9,2.7,14.7,,,,4640001734236,
Йогурт Виола вишня,Viola,103.0,3.5,2.5,16.2,,,,4640001734274,
Yogurt Laplandia Blueberry Muffin,Viola,137.0,3.7,7.2,14.4,,,,4640001734366,
"Бойогурт Слобода Мандарин, Орехи, Яблоко",Живая Еда,105.0,4.5,5.0,10.6,,,,4640001734748,
Йогурт питьевой Laplandia с малиной и клюквой,Viola,86.1,3.4,2.5,12.5,,,,4640001735387,
греческий,Viola,108.0,6.3,3.0,14.0,,,,4640001735622,
Сэндвич на чиабатте с курицей,М-ФУД,264.0,9.0,13.0,36.0,,,,4640007621813,
Вафли с ароматом топлёного молока,Первым делом,545.0,3.6,34.7,54.5,,,,4640010202764,
Хлеб Дарницкий,Первым делом,200.0,6.6,1.1,41.0,,,,4640010203365,
Молоко Ультра пастеризованное Питьевое 2.5%,Село Зелёное,55.0,3.0,2.5,4.7,,,,4640017350512,
напиток сыв. Село зелёное,Село Зелёное,44.0,0.4,0.0,10.5,,,,4640017350635,
Хлебцы Пшеничные С Зеленью,ВкусВилл,333.5,11.0,1.5,69.0,,,,4640018411038,
Хлеб «Тостовый»,Сурский каравай,247.0,7.7,0.8,53.1,,,,4640021070239,
Тофу Классический,Ozon fresh,70.0,8.0,4.0,0.8,,,,4640026981271,
Сэндвич Ролл С Индейкой,Перекрёсток,189.0,7.4,6.8,25.1,,,,4640033667199,
Parmesan Crispy,Crinkles,550.0,41.5,39.0,8.0,,,,4640047040995,
"Йогурт ""греческий фейхоа""",ИЛЬ МИО МОРОЖЕНКО,109.4,6.0,3.0,14.6,,,,4640047884773,yogurt-grecheskiy-feyhoa-ooo-il-mio-morozhenko
Мороженое Карамельное без добавления сахара,ВкусВилл,121.2,4.4,7.6,8.8,,,,4640047887309,
"Green idea Готовый пищевой продукт на основе крахмала со вкусом сыра ""Моцарелла""",green-idea,308.0,0.0,24.0,23.0,,,,4640071950086,
Vegcream,gren-idea,210.0,3.2,20.0,4.3,,,,4640071950192,
Маршмело карамель,Marshick,360.0,4.5,10.0,62.0,,,,4640103520331,
Kerlli шоколад-черника,Kerlli,440.0,6.0,15.0,70.0,,,,4640103525305,
Злаковый батончик Kerlli с клюквой в молочном шоколаде,Kerlli,430.0,5.5,15.0,67.0,,,,4640103525312,
Круассан с малиновой начинкой,Кулинариум,401.9,7.0,17.1,55.0,,,,4640131120244,
Вафли вишня черешня,Дымка,381.0,4.5,10.5,67.0,,,,4640167143033,
Колбаса Сабросо Росо,Индилайт,190.0,28.0,8.0,1.0,,,,4640167407906,
Sabroso Monte,Indilite,190.0,28.0,8.0,1.0,,,,4640167407920,
Сосиски Лайт Из Индейки,Индилайт,140.0,13.0,9.0,2.0,,,,4640167416175,
Филе Индейки Мраморное,Индилайт,110.0,14.0,4.0,4.0,,,,4640167416588,
Зефир Коломенская,Коломенский,320.0,0.5,0.0,78.0,,,,4640168920039,
Зефир Яблочный,Коломенский,320.0,1.0,0.0,80.0,,,,4640168920053,
Курица терияки,Select,194.0,12.0,4.6,26.2,,,,4640168952542,
Удон С Курицей И Овощами,Перекрёсток,454.0,19.8,21.1,46.4,,,,4640168952559,
Винегрет,Select,108.2,1.7,5.6,12.8,,,,4640168955468,
Эклеры фисташковые,Яндекс Лавка,288.0,6.6,18.5,23.7,,,,4640203939262,
Хинкали мясные отварные со сметаной,,184.6,8.7,8.2,19.0,,,,4640207084449,
Пирожное бисквитное с молочно-медовым кремом,Delibon,423.0,8.1,23.8,43.4,,,,4640214010318,
Азу из говядины,Select,130.7,11.0,4.6,11.1,,,,4640242340210,
Сушеный Миндаль,Яндекс Лавка,641.0,18.0,57.0,14.0,,,,4640258063707,
Гороховый Суп С Копченостями,Лавка,83.2,5.2,2.8,9.3,,,,4640343491415,
Котлета из говядины с соусом из белых грибов и картофельным пюре,Перекрёсток Select,197.1,7.3,14.6,8.5,,,,4640343493679,
Блинчики Пшеничные,ВкусВилл,294.4,15.4,10.4,34.8,,,,4640435880073,blinchiki-pshenichnye-samokat-vkusvill-ana-rayz
Сыр Гауда,Schonefeld,339.0,26.0,26.1,0.0,,,,4650060855131,
Хлебцы хрустящие кукурузно-рисовые с морской солью,Take a Bite,360.0,9.0,1.5,74.0,,,,4650062592805,
Snack peanut praline,Champ,380.0,20.0,13.0,46.0,,,,4650070115294,
Сок Добрый яблоко-персик маленький смотка на дет питании,Добрый,40.0,0.0,0.0,10.0,,,,4650075424599,
"добрый кола 0,5 смотка",мултон партнерс,0.3,0.0,0.0,0.0,,,,4650075429723,dobryy-kola-0-5-smotka-ooo-multon-partners
Get Health Конопляный Протеин,Trawa,354.0,56.0,7.0,15.0,,,,4650075473061,
Морковь По Корейски,Традиции Вкуса,57.7,1.0,3.4,5.3,,,,4650104130552,
Крекер классический,Сладиал,450.0,9.0,18.0,64.0,,,,4650139013301,
"Печенье с какао и начинкой ""шоколадный вкус""",Чайкофский,455.5,7.4,14.4,74.0,,,,4650190500666,
"Мясо бедра бескостного цыплят-бройлеров в маринаде ""Сладкий чили""",ВкусВилл,108.7,16.9,3.1,3.3,,,,4650231932203,
Gorilla energy mango coconut,Gorilla,20.0,0.0,0.0,4.9,,,,4650243871828,
Рийет Из Курицы С Травами И Специями С Паприкой,Самокат,237.0,12.1,19.4,3.5,,,,4650262466067,
Вензель с вишней,Калачёво,331.0,5.8,16.6,39.6,,,,4650300740821,
Салат Овощи Брынза И Травы,Азбука Вкуса,67.6,4.3,4.0,3.6,,,,4650322700346,
Нерка С Овощами,Азбука Life,107.0,10.9,5.4,3.7,,,,4650322700438,
Гравлакс Из Форели Радужной,Азбука Вкуса,206.2,19.7,11.8,5.3,,,,4650322711366,
Суп С Овощами По-Турински,Азбука Вкуса,29.1,1.7,1.1,3.1,,,,4650322717832,
Творожная Запеканка С Манго,Азбука Вкуса,183.0,9.6,9.8,14.1,,,,4650322719584,
Конфета Клубника Сливки,Азбука Вкуса,337.0,14.0,10.0,49.0,,,,4650322719973,
Конфета Малина Сливки,Азбука Вкуса,370.0,12.0,13.0,52.0,,,,4650322719997,
Онигири тунец Japan,Азбука Вкуса,254.5,5.3,10.5,34.5,,,,4650322726643,
Хлеб Зёрнышко Нарезка,Городской Батон,181.0,5.5,1.3,36.9,,,,4650406920370,
Костный Говяжий Бульон Коллаген,Kruglie Sutki,313.0,73.0,1.0,3.0,,,,4650512140013,
Фарш Охлажденный Из Минтая,Океаномания,66.7,15.3,0.6,0.0,,,,4650527830046,
Вареники с белыми грибами и грудинкой,Лавка,220.4,9.0,14.0,14.6,,,,4650556721285,
Sunflower halva,Фабрика сладостей Кирилла Козлова,494.9,13.2,33.9,33.3,,,,4651117700954,
Шоколад пористый молочнвй,Победа,510.0,5.0,27.0,61.0,,,,4660013941224,
100% CHARGED Extra dark chocolate,Победа,510.0,10.0,36.0,36.0,,,,4660013945697,
Конфеты Трюфели classic без сахара Победа,Победа,530.0,6.5,44.0,26.0,,,,4660013948391,
"Йогурт 3,5 %",Киржачский молочный завод,61.9,3.2,3.5,4.4,,,,4660014250226,
Картофель По-Деревенски Со Специями,We Fry,140.0,2.5,4.5,23.0,,,,4660015860905,
Картофель Фри Классический,Fry Me,140.0,2.5,4.5,23.0,,,,4660015860967,
Батат,We Fry,100.0,1.5,4.1,15.0,,,,4660015861674,
Салат По-гречески,Азбука Вкуса,127.6,4.4,10.8,3.2,,,,4660019674812,
Онигири Лосось Копченый,Азбука Вкуса,198.2,6.4,4.3,33.1,,,,4660019679848,
"Молоко 2,5%",Обнимуу,53.0,3.0,2.5,4.7,,,,4660020262145,
Конфеты Петровский Форт,Невский кондитер Белинский,490.0,5.5,23.0,65.0,,,,4660028334554,konfety-petrovskiy-fort-ooo-nevskiy-konditer-belinskiy
Сок яблоко Ама мама без добавления сахара,Ама мама,45.0,0.0,0.0,11.2,,,,4660028376240,
Йогурт клубничный,Молзавод Шенкурский,73.0,2.8,2.0,11.0,,,,4660042210070,
Йогурт питьевой с персиком,Молочная легенда,60.0,2.8,0.9,9.8,,,,4660043092699,
Йогурт протеиновый ананас,Ты+ Protein,70.3,4.5,1.5,9.7,,,,4660043855942,
Сырок Росташрокоплекс Черешня,Ростагрокомплекс,403.8,7.5,27.4,31.8,,,,4660043859025,
Сырок Зефир,Ростагрокомплекс,262.9,9.7,7.3,39.6,,,,4660043859032,
Нуга,БЮДЖЕТ,490.0,9.5,30.0,45.0,,,,4660043859056,
суфле,ВкусВилл,392.5,6.0,19.3,48.7,,,,4660043859124,
Масса Творожная С Изюмом,ВкусВилл,275.0,10.0,11.4,33.1,,,,4660043859865,
Твикс 3х2,Mars,494.0,4.4,24.0,64.4,,,,4660085513015,
Драже кисломикс,Skittles,406.0,0.0,4.1,90.0,,,,4660085513800,
SNICKERS SUPER,Snickers,494.0,8.1,25.0,59.0,,,,4660085515163,
M&M's с молочным шоколадом,M&M'S,477.0,5.4,18.1,71.6,,,,4660085515842,
Twix Xtra солёная карамель,Mars,491.0,4.3,23.9,63.9,,,,4660085519758,twix-xtra-solenaya-karamel-ooo-mars
Йогурт особая коллекция(лесной орех),Маслозавод «Дружба»,80.0,3.1,1.5,14.1,,,,4660128251218,yogurt-osobaya-kollekciya-lesnoy-oreh-ooo-maslozavod-druzhba
Рис Басмати,Metro Chef,350.0,7.1,0.5,80.0,,,,4660139801624,
Сырок дубайский Шоколад,36 Копеек,405.0,8.9,28.0,29.2,,,,4660205270590,
Мороженое Пломбир Гранат с Острым Перцем Хабанеро,Ногинское Мороженое,263.7,4.1,8.8,41.9,,,,4660214294167,
Запеканка творожная малиновое парфе,Главобед,190.0,11.3,8.0,17.6,,,,4660228730538,
Bombbar tropic mix cake,Bombbar,303.0,25.0,13.0,7.0,,,,4660298500796,
Snaqer Peanuts & Pistachio & Kunafa,Bombbar,460.0,15.0,32.0,42.0,,,,4660298501533,
Qwikler pistachios,Snaq Fabriq,496.0,8.3,34.0,19.0,,,,4660298501656,
Pro Chips Protein,Bombbar,341.0,40.0,8.8,25.1,,,,4660298503025,
extra Protein Chips,Bombbar,346.7,40.0,8.7,25.3,,,,4660298503032,
Candy milky Dubai trend,Snaq fabtiq,495.0,12.0,36.0,18.0,,,,4660298503131,
Protein Shake,Bombbar,48.3,6.9,0.6,3.8,,,,4660298504282,
Картофель По Деревенски,Лавка,143.0,2.5,4.5,23.0,,,,4660298523610,
Печенье С Манго В Шоколаде,Самокат,280.0,27.0,9.0,24.0,,,,4660301744322,
Протеиновое печенье,Самокат,290.0,27.0,11.0,21.0,,,,4660301744353,
Котлеты из индейки с гречкой,Самокат,160.0,12.6,6.1,13.8,,,,4660301768069,
Маффин пасхальный с начинкой,Самокат,383.4,3.6,21.0,45.0,,,,4660301797151,
Батончик протеиновый Фисташковая меренга с малиной,Sporty,323.0,25.0,12.5,13.0,,,,4660308260566,
Тунец филе консервированный в с/с,Владкон,101.0,23.0,1.0,0.0,,,,4660314910455,
Сэндвич С Тунцом,Пятёрочка Кафе,233.0,9.1,13.4,18.1,,,,4660502160174,,ресторан
Снеки из муки твердой пшеницы со вкусом томата спайси,Pasteroni,390.0,13.0,18.0,50.0,,,,4661592190041,
лепешка пшеничная мексиканская,Tortillas,242.0,6.5,3.8,48.4,,,,4670005830931,
Плавленый сыр сливочный,Sirobogatov,270.0,17.3,22.9,5.5,,,,4670008561665,
O zlaki топленое молоко,,454.0,7.0,17.0,67.0,,,,4670017463097,
O zlaki трюфельные,O zlaki,468.0,7.5,23.0,58.0,,,,4670017463103,
O zlaki халвичные,O zlaki,511.0,10.0,25.0,61.0,,,,4670017463110,
Вафли Творожные,Дымка,391.0,4.5,14.5,60.5,,,,4670018803892,
Дымов Сырокопченое филе из курицы,Дымов,170.0,20.0,10.0,0.0,,,,4670024894686,
protein,первый русский протеин,430.0,80.0,9.0,7.0,,,,4670025410076,
Филе Лосося Атлантического,Азбука Life,217.2,21.0,14.8,0.0,,,,4670049791397,
Milky Way черника,Milky Way,440.0,2.8,14.1,75.0,,,,4670082521319,
Мороженное milkyWay,,207.0,3.5,10.8,23.3,,,,4670082521715,
Мороженое Малина-личи,Bounty,175.7,2.3,6.0,28.0,,,,4670082523177,
Баунти трио Райская клубника,,475.0,3.6,24.7,58.5,,,,4670082524051,
"Десерт замороженный фруктово-ягодный с клубникой, малиной и личи ""Гранита""",Лавка,97.0,0.8,0.2,23.0,,,,4670089138749,
Сироп Кленовый Низкокалорийный,Здоровые Продукты,16.1,0.0,0.0,4.0,,,,4670099000319,
Салат Мимоза,Магнит,205.0,7.0,17.0,6.0,,,,4670117691758,
Тепаньяки с курицей,Creative Kitchen,190.0,7.0,3.5,32.5,,,,4670117692687,
Солянка,Самокат,60.3,2.9,2.7,6.1,,,,4670117694360,
Конвертики с курицей сыром и томатами с зеленью,,269.8,12.1,13.0,26.1,,,,4670117695510,
Сырок БЮ Александров,,407.0,7.9,25.8,35.8,,,,4670149301007,
Сырок Советские традиции Крем-Брюле глазированный,Советские традиции,400.0,7.1,26.4,36.5,,,,4670149302622,
Almond Protein Bar,Solvie,288.0,32.0,14.0,28.8,,,,4673743550383,
Тофу Классический,Jions,88.0,12.0,4.0,1.0,,,,4673760167007,
Greek yogurt plain,G-Balance,80.0,8.6,4.0,2.6,,,,4680000190275,
Айран,HalalMilk,18.6,1.0,1.0,1.4,,,,4680000192484,
Айран Турецкий,Долголетие,30.0,1.3,1.8,2.5,,,,4680000192897,
Напиток Долголетие Айран,Долголетие,30.0,1.3,1.8,2.5,,,,4680000192903,
Кукурузные Хлопья С Шоколадом Без Сахара И Фруктозы,FitParad,310.0,9.0,2.0,64.0,,,,4680002311852,
Путассу С Перцем,Сухогруз,250.0,51.0,2.5,6.0,,,,4680003260678,
Полоски Кальмара Со Вкусом Краба,Сухогруз,240.0,26.0,0.4,33.0,,,,4680003264997,
Творог 9%,Самокат,160.0,16.0,9.0,3.0,,,,4680012922918,
Ацидофилин,ВкусВилл,68.5,3.0,4.5,4.0,,,,4680012926053,
"Йогурт Греческий 2,0%",ВкусВилл,66.0,8.0,2.0,4.0,,,,4680012926862,
Биойогурт 2% черника,Устьянский,74.0,2.8,2.0,11.0,,,,4680014500541,
Творог Мягкий,Эконива,100.0,8.2,5.9,3.5,,,,4680017921275,
Йогурт Натуральный,Эконива,60.0,3.6,2.8,5.2,,,,4680017921718,
Кефир 1 %,Эконива,37.0,3.0,1.0,4.0,,,,4680017922326,
Oat Drink Extra light,Ne moloko,35.0,1.0,0.5,6.5,,,,4680019561981,
Carrot-apple juice,Сады Придонья,40.0,0.0,0.0,10.0,,,,4680019562919,
Овсяный yo'gurt манго-маракуйя,Ne moloko,125.0,5.0,5.0,15.0,,,,4680019566559,
Овсяный йогурт черника nemoloko,Сады Придонья,140.0,5.0,5.0,18.0,,,,4680019566696,
Nemoloko овсяный йогурт груша,Сады Придонья,130.0,5.0,5.0,16.0,,,,4680019566719,
Молоко 3.4-6%,Гелиос,70.0,3.0,4.5,4.7,,,,4680019851808,
Хумус С Сацебели,Ozon fresh,159.0,7.0,11.0,8.0,,,,4680020592332,
Зефир ванильный,Belucci,310.0,1.0,0.0,77.0,,,,4680021880483,
jaskino,Яшкино,470.0,5.5,23.0,61.0,,,,4680021880490,
Мягкие вафли с вишневым джемом,Яшкино,390.0,4.5,15.0,60.0,,,,4680021881862,
Вафли тонкие с молочным кремом и какао,Яшкино,540.0,8.0,32.0,54.0,,,,4680021887321,
"Печенье ""Ванильное кольцо""",Яшкино,520.0,6.5,29.0,58.0,,,,4680021887772,
Безалкогольное пиво Жигули Барное светлое фильтрованное пастеризованное,Жигули,15.0,0.1,0.1,3.2,,,,4680036912940,
Вафли с варёной сгущёнкой,Сладонеж,500.0,4.5,24.0,68.0,,,,4680040410197,
Вафельные трубочки,Сладонеж,500.0,4.0,24.0,67.0,,,,4680040415666,
Батончик мысли Bombbar клубника,Bombbar,376.0,8.4,21.3,28.6,,,,4680046720177,
Протеиновая смесь для блинов «Малина» Protein Pancake,Bombar,354.0,35.0,3.3,40.6,,,,4680046720221,
Bombbar,Bombbar,352.0,25.0,17.0,6.3,,,,4680046722249,
Milky Молочный шоколад со сливочной начинкой,SNACK FABRIQ,464.7,9.0,36.0,11.0,,,,4680046729521,
Snaqer Арахис и карамель,Snaq Fabriq,456.0,20.0,32.0,8.0,,,,4680046729934,
Фермерский Паштет Куриный Сливочный С Кориандром,Куку,300.6,6.5,29.8,1.6,,,,4680059281597,
Fitness shock protein white brownie pistachio,Fitness Shock,466.0,15.0,34.0,20.0,,,,4680089892398,
Донат с ванильной начинкой,Fitness Shock,359.0,17.0,21.0,19.0,,,,4680089893050,
Protein Donut пончик с малиновой начинкой,Fitness Shock,355.0,17.0,21.0,18.0,,,,4680089893074,
Hi Protein «Черничный Дессерт»,Fitness Shock,345.0,30.0,12.9,9.2,,,,4680089893128,
Shock,Hi protein,289.0,30.0,8.0,7.8,,,,4680089894729,
Shock клубничный мохито,Hi protein,279.0,30.0,7.0,8.0,,,,4680089894811,
Shock фисташка и шоколад,Shock,364.0,20.0,20.0,10.0,,,,4680089897577,
Сервелат Мясорубский с мелкорубленым окороком,Стародворье,260.0,13.0,23.0,0.0,,,,4680115880191,
Колбаса вареная Молочная Стародворская,Стародворье,170.0,10.0,14.0,0.0,,,,4680115887190,
Котлеты Из Телятины На Пару,Азбука Life,111.2,18.5,2.0,4.8,,,,4680150840761,
Рамен Креветки,Азбука Вкуса,60.5,5.7,1.7,5.6,,,,4680150842024,
Рагу Овощное,Азбука Вкуса,88.7,1.7,4.3,10.8,,,,4680150844585,
Гедза С Креветкой,Азбука Вкуса,84.9,5.2,5.7,3.2,,,,4680150844622,
Котлеты Из Мяса Цыпленка На Пару С Картофельным Пюре,Азбука Лайф,136.5,10.5,6.1,9.9,,,,4680150847029,
Панини С Курицей,Пятёрочка Кафе,290.0,12.0,12.0,32.0,,,,4680161722285,,ресторан
Блинчики С Маковой Начинкой,Перекрёсток,318.0,10.0,18.0,26.0,,,,4680161722445,
Блинчики с вишней,Пятёрочка,150.0,2.5,3.4,26.6,,,,4680163145365,
Сендвич С Ветчиной и Сыром,Take It,243.3,10.0,8.7,31.3,,,,4680320016507,
Мороженое Эскимо,Хуторок,290.0,3.5,21.0,22.0,,,,4680320017795,
Трубочка Вафельная Со Вкусом Пломбир,Хуторок,478.0,7.2,27.2,51.0,,,,4680320021006,
Джем клубничный,Круглое лето,270.0,0.0,0.0,68.0,,,,4680320021648,
Нутовые Чипсы,O!LIFE,400.0,12.0,9.0,67.0,,,,4680320023284,
Йогурт греческий 2%,O!LIFE,64.0,8.0,2.0,3.5,,,,4680320024632,
"Творог скандинавский 1,5%",O!LIFE,72.0,11.0,1.5,3.7,,,,4680320024786,
Биойогурт тропический микс без сахара O Life!,O!LIFE,45.0,2.8,1.5,5.0,,,,4680320025851,
Масса Творожная С Шоколадом,Хуторок,167.0,9.0,3.5,25.0,,,,4680320026988,
Карбонад Копчено-вареный,Мясолюбов,110.0,14.0,5.0,2.0,,,,4680320028166,
Мороженое с протеином,Life,145.0,15.0,7.0,5.5,,,,4680320087088,
Карбонад,Eat Meat,130.0,18.0,6.0,1.0,,,,4680328009266,
Фасоль красная,Моя цена,113.0,7.0,0.5,20.0,,,,4680328041204,
Булочки Для Хот-Дога,Магнит,290.0,7.5,5.0,51.0,,,,4680328054419,
Булочка ржано-пшеничная,Моя цена,270.0,11.0,1.0,51.0,,,,4680328065071,
Пельмени традиционные,Самокат,320.0,7.0,20.0,28.0,,,,4680662781668,
Онигири С Семгой,Самокат,330.0,6.8,9.7,53.0,,,,4680662784935,
Эчпочмак С Курицей и Картофелем,Самокат,260.9,6.8,12.1,31.2,,,,4680662786038,
Протеиновая гранола с малиной и семечками,Самокат,389.0,23.0,13.8,36.3,,,,4680662788018,
Самокат Протеиновые Чипсы Со Вкусом Чеддер,Самокат,407.0,20.0,11.0,57.0,,,,4680662790035,
Салат Витаминный,Самокат,100.0,0.9,6.1,10.3,,,,4680662795832,
Творожная Запеканка С Грушей И Корицей,Самокат,205.9,13.7,8.3,19.1,,,,4680662795856,
Блинчик Цезарь,Creative Kitchen,176.0,7.1,12.0,10.1,,,,4680869330454,
Молочный Коктейль Клубника,Чудо,71.0,2.8,2.0,10.5,,,,4690228006845,
тутти фрутти,Имунеле,70.0,2.7,1.5,11.4,,,,4690228021664,
Напиток сывороточный пастеризованный с соком ананаса и манго,Мажитель,42.0,0.4,0.0,10.1,,,,4690228029622,
Чудо йогурт вкус черник-малина,Вимм-Билль-Данн,93.2,2.8,2.4,15.1,,,,4690228031168,
Сметана 15%,Домик в деревне,160.0,2.6,15.0,3.6,,,,4690228034183,
Имунеле,,70.0,2.7,1.5,11.5,,,,4690228101663,
Чудо йогур вкус земляника-клубника,,84.0,2.8,1.9,13.9,,,,4690228106835,chudo-yogur-vkus-zemlyanika-klubnika-ao
"Йогурт ""Чудо"" персик-манго-дыня",ВБД,84.0,2.8,1.9,13.9,,,,4690228106903,yogurt-chudo-persik-mango-dynya-ao-vbd
Чудо клубника земляника большая бутылка,,84.0,2.8,1.9,13.9,,,,4690228107092,
Йогурт со вкусом клубника-земляника,Чудо,94.4,3.3,2.0,15.8,,,,4690228107290,
Чудо Йогурт - персик маракуйя,Чудо,94.0,3.1,2.0,16.0,,,,4690228107337,
"Йогурт фруктовый, вишня",Фругурт,98.0,3.0,2.0,16.9,,,,4690228108327,
Фругурт персик-маракуйя,ВБД,96.0,3.0,2.0,16.5,,,,4690228108341,frugurt-persik-marakuyya-ao-vbd
Фругурты,Фругурт,95.0,3.1,2.0,16.2,,,,4690228108365,
Чудо йогурт груша в карамели с пломбиром,ВБД,85.0,2.8,1.9,14.1,,,,4690228108907,chudo-yogurt-grusha-v-karameli-s-plombirom-ao-vbd
Ламбер Лёгкий,Lamber,261.0,30.0,15.7,0.0,,,,4690228109065,
Йогурт «Греческий Классический»,Neo,68.0,8.0,2.0,4.6,,,,4690228109638,
Йогурт «Греческий» с клубникой,Neo,87.0,6.8,1.7,11.2,,,,4690228109652,
молоко 3.2%,Домик в деревне,60.0,3.0,3.2,4.7,,,,4690228109713,
Напиток кисломолочный со вкусом черники,Фругурт,67.0,2.6,1.0,12.0,,,,4690228111990,
"Творог ""Мягкий"" С Массовой Долей Жира 2%",Домик в деревне,67.0,8.5,2.0,3.7,,,,4690228112058,
Коктейль Neo Манго Гуава,Neo,51.5,7.7,0.1,5.0,,,,4690228123870,
Бретцель немецкий крендельки с солью,Krutzel,410.0,9.0,11.0,68.0,,,,4690329009455,
Молочная Шоколадка,Babyfox,560.0,8.0,36.0,50.0,,,,4690329017054,
Молочный Шоколад Арахис И Соленая Карамель,Babyfox,550.0,9.0,34.0,51.0,,,,4690329018648,
Чечевица зеленая,Ашан,360.0,28.0,2.0,58.0,,,,4690363005970,
Рис пропареный,Ашан,330.0,7.0,0.5,75.0,,,,4690363072712,
Бурый рис,Ашан,340.0,7.5,2.0,73.0,,,,4690363072811,
Рис для японской кухни,Ашан,340.0,8.0,0.4,77.0,,,,4690363073009,
Рис круглозерный,Ашан,345.0,7.0,0.6,78.0,,,,4690363074396,
Кускус,Ашан,370.0,12.0,2.5,75.0,,,,4690363074426,
Булгур,Ашан,360.0,12.0,1.5,75.0,,,,4690363074433,
5 злаков хлопья зерновые,Ашан,370.0,12.0,3.0,73.0,,,,4690363104963,
Чипсы Сметана Лук,Каждый День,429.6,8.3,19.5,54.3,,,,4690363187959,
Оладьи печеные с яблоком,Ашан,223.0,5.9,7.1,33.9,,,,4690363305759,
Кантуччи с клюквой,Ашан,460.0,7.0,10.0,79.0,,,,4690363504732,
Кантуччи,Ашан,460.0,9.0,15.0,72.0,,,,4690363504749,
Рыбная соломка стейк,Флотская,214.5,41.1,4.5,0.1,,,,4690376045833,
Чипсы со вкусом сметаны и лука,Lay's,510.0,6.0,30.0,53.0,,,,4690388050474,
Чипсы со вкусом сметаны и зелени,Lay's,510.0,6.0,30.0,53.0,,,,4690388050535,
Чипсы паприка рифлёные,Lay's,530.0,6.5,32.0,53.0,,,,4690388105907,
Читос кетчуп маленькие смотка,Cheetos,500.0,8.0,23.0,63.0,,,,4690388110475,
Лэйс сметана и зеленьг,Lay's,520.0,6.0,32.0,53.0,,,,4690388111250,
лейс краб смотка большие,Lay's,520.0,6.0,32.0,53.0,,,,4690388111274,leys-krab-smotka-bolshie-lays
"Рифлёные ;Сметана и лук""",Lay's,520.0,6.0,32.0,53.0,,,,4690388111441,
Куйбышева 75 Xrus team,Хрусteam,430.0,9.0,14.0,66.0,,,,4690388117290,
Хоружей 15 Сметана хрустим,Xpyc Team,430.0,10.0,14.0,63.0,,,,4690388117313,
Lays чипсы сметана и зелень 70,Lay's,520.0,6.0,32.0,53.0,,,,4690388119157,
Лей соль маленький на смотку,Lay's,520.0,6.3,32.0,52.0,,,,4690388121044,
Чипсы «Лангустины в пикантном соусе»,Lay's,540.0,6.0,32.0,54.0,,,,4690388121662,
Хрустим сырные палочки смотка маленькие,Хрустим,430.0,9.5,16.0,61.0,,,,4690388122829,
читос сыр большие смотка,Cheetos,490.0,7.5,22.0,63.0,,,,4690388123420,
Чипсы «Из Печи. Мусс из лосося и авокадо» смотка,Lay's,450.0,6.0,16.0,69.0,,,,4690388123574,
лейс стейк рибай с соусом,Lay's,530.0,6.5,32.0,52.0,,,,4690388123635,
"Йогурт вишнёвый 2,0%",из Любовского,73.2,2.8,2.0,11.0,,,,4690469005638,
"Биойогурт ""Бифилайф"" фруктово-ягодный ""Брусника-клюква-злаки""",из Любовского,73.0,2.8,2.0,11.0,,,,4690469006321,
"Биойогурт ""Бифилайф"" фруктовый ""Манго-маракуйя-злаки""",из Любовского,73.2,2.8,2.0,11.0,,,,4690469006338,
"Молоко Простоквашино 1,5% пастеризованное",Простоквашино,45.0,2.9,1.5,4.9,,,,4690502002303,
Пастет от гьши черен дроб,Nòo,217.0,11.0,17.0,5.0,,,,4740574091320,
творог 15%,Сваля,205.0,14.0,15.0,4.0,,,,4770265219368,
творог 9%,Сваля,160.0,16.4,9.0,2.7,,,,4770275047739,
Bruni кекс глазированный с какао начинкой,XRember,416.0,3.7,21.5,51.5,,,,4780030391656,
Печенье сдобное с кусочками шоколада,Чайкофский,470.0,6.0,22.0,62.0,,,,4810064025934,
Молоко сгущенное цельное с сахаром ГОСТ 31688-2012,Рогачевъ,330.0,8.0,8.5,56.0,,,,4810065006079,
"Печенье ""Постное"" с семечками подсолнечника и льном",Спартак,420.0,9.5,13.0,63.0,,,,4810067091936,
"Мюсли ""Злаки персик-ананас""",Спартак,368.5,3.5,6.5,74.0,,,,4810067110057,
Напиток Молочный мир Капучино,Молочный мир,65.0,3.0,1.3,10.5,,,,4810099033928,
Подушечки Какао С Молоком,Витьба,450.0,6.0,14.0,74.0,,,,4810128016526,
Антарктик-криль классический,Санта Бремор,407.0,4.6,40.6,5.7,,,,4810168035785,
Паста с антарктическим крилем «Антарктик-криль подкопченый»,Санта Бремор,412.0,5.2,41.1,5.3,,,,4810168035792,
Икра с копчёным лососем,Санта Бремор,440.0,6.8,43.3,5.7,,,,4810168050108,
Краб Ролл Санта Бремор с творожным сыром,Санта Бремор,124.0,7.8,5.1,11.7,,,,4810168054885,
греческий,GRECO,80.0,7.0,2.0,8.5,,,,4810223041331,
Греческий Йогурт,Бабушкина крынка,65.0,8.5,2.0,3.3,,,,4810223042185,grecheskiy-yogurt-oao-babushkina-krynka
творог,Беллакт,113.0,15.5,5.0,1.5,,,,4810263037868,
Творожок чизкейк,Савушкин,111.5,7.0,3.5,13.0,,,,4810268023408,
Масло,Брест-Литовск,747.7,0.5,82.5,0.8,,,,4810268024177,
«Оптималь» без сахара,Савушкин,52.0,3.3,2.0,5.2,,,,4810268024313,
Оптималь 5 злаков,Савушкин,70.4,2.9,2.0,10.2,,,,4810268024375,
"Творог 0,1%",Савушкин,117.0,18.3,0.1,1.3,,,,4810268028878,
TEOS Йогурт Греческий 2%,Савушкин,66.8,8.0,2.0,4.2,,,,4810268030369,
"Греческий йогурт, черника",Teos,91.2,7.0,2.0,11.3,,,,4810268030383,
Греческий йогурт «Вишня»,Teos,91.2,7.0,2.0,11.3,,,,4810268030390,
Йогурт персик-манго,Савушкин,83.5,2.9,2.0,13.5,,,,4810268031090,
Йогурт TEOS 2%,Савушкин,66.8,8.0,2.0,4.2,,,,4810268031793,
Сыр полутвердый «Брест-Литовск классический» массовой долей жира в сухом веществе 45%,Брест-Литовск,340.1,26.3,26.1,0.0,,,,4810268033261,
Сыр Российский,Брест-Литовск,340.5,21.0,28.5,0.0,,,,4810268035265,
Молочная продукция,Савушкин,91.2,7.0,2.0,11.3,,,,4810268038006,
теос большой,Teos,91.2,7.0,2.0,11.3,,,,4810268038037,
Сыр фета,Савушкин,226.5,15.0,18.5,0.0,,,,4810268040719,
сырок аленка,Савушкин,357.8,7.0,23.0,30.7,,,,4810268043710,
"Сыр мягкий ""Фета нежная""",Савушкин-Орша,187.6,11.5,14.8,2.1,,,,4810268043994,syr-myagkiy-feta-nezhnaya-ooo-savushkin-orsha
Сырок аромат ванили,Савушкин,372.1,6.4,25.7,28.8,,,,4810268045042,
сыр сав. 5%,Савушкин,65.0,9.1,2.8,0.8,,,,4810268045240,
йогурт со вкусом пломбир и маршмеллоу,Суперкид,86.4,3.3,2.0,13.8,,,,4810268045905,
Brest-Litovsk Light Cheese,Брест-Литовск,288.6,31.2,18.2,0.0,,,,4810268059261,
сыр фета,SVEZA,184.6,12.1,14.2,2.1,,,,4810268060700,
Mega chips,Mega Chips,510.0,7.0,30.0,53.0,,,,4810279000412,
Чипсы из сырого картофеля со вкусом сметана и лук,Белпродукт,520.0,3.9,30.0,57.0,,,,4810279004236,
Chips piper thailandez,Бульба,520.0,3.9,30.0,57.0,,,,4810279006117,
Kvas Lidskyi Khlebniy,,26.0,0.4,0.0,6.4,,,,4810285004008,
"Творог ""Мягкий"" 4 %",Минская марка,75.0,8.5,4.0,1.3,,,,4810319010791,
Йогурт Yoguru клубника 2.5%,,100.0,3.3,2.5,15.8,,,,4810319017714,
клубника ммз йогурт,Yoguru,80.0,3.3,1.5,13.6,,,,4810319019060,
Какао-порошок «Коммунарка»,Коммунарка,340.0,25.0,14.0,30.0,,,,4810410036430,
Milk chocolate bar belovezhskaya pushch with blueberry puree,Коммунарка,474.0,2.5,25.2,59.2,,,,4810410101886,
"Хавла подсолнечная со вкусом ""Тоффи-карамель""",Красный пищевик,520.0,12.0,30.0,50.0,,,,4810411024856,
Ликёр эмульсионный КРЕМОССА,CREMOSSA,300.0,3.0,6.5,33.0,,,,4810738008478,
Ricotta Light,Bonfesto,140.0,8.4,10.3,3.5,,,,4810898000374,
творожный сыр экстрамягкий,Bonfesto,190.0,4.5,19.0,0.0,,,,4810898002835,
копчёные перепелиные,Солигорская Птицефабрика,170.0,12.0,13.0,0.2,,,,4811106007758,
Батон Для Вашей Семьи,Слуцкий Хлебозавод,267.0,7.7,2.2,54.1,,,,4811229012509,baton-dlya-vashey-semi-oao-sluckiy-hlebozavod
Напиток кисломолочный обезжиренный с высоким содержанием белка экспонента хай-про со вкусом клубника-арбуз,Exponenta,60.0,12.0,0.0,2.5,,,,4811258001086,
High-pro черника-земляника,Exponenta,60.0,12.0,0.0,2.5,,,,4811258001253,
High-Pro Соленая Карамель,Exponenta,60.0,12.0,0.0,2.5,,,,4811258002106,
"Йогурт греческий Манго 1,7%",Milkavota,87.0,7.0,1.7,10.8,,,,4811309021742,
Творог безлактозный 5%,ВкусВилл,111.0,15.0,5.0,1.5,,,,4811351018639,
Йогурт High-Pro Натуральный,Exponenta,61.9,12.5,0.0,3.0,,,,4811485039104,
Йогурт High-Pro Черника-малина,Exponenta,61.9,12.5,0.0,3.0,,,,4811485039142,
Йогурт High-Pro Вишня-Пломбир,Exponenta,61.9,12.5,0.0,3.0,,,,4811485039166,
экспо,Exponenta,60.0,12.0,0.0,2.5,,,,4811485040322,
Bio-skyr клубника-киви,Exponenta,35.0,6.0,0.0,3.0,,,,4811485041510,
Bio-Skyr Черника-Голубика,Exponenta,35.0,6.0,0.0,3.0,,,,4811485041534,
"High-Pro ""Манго-маракуйя""",Exponenta,62.0,12.5,0.0,3.0,,,,4811485041756,
Сыр сливочный,Молочный мир,350.0,24.5,28.0,0.0,,,,4812476000820,syr-slivochnyy-oao-molochnyy-mir
Намазка с зеленью,Брестский мясокомбинат,400.0,7.5,41.0,1.5,,,,4813186010574,
"Сарафаново 2,5",Сарафаново,55.0,3.3,2.5,4.7,,,,4813445000025,
йогурт натуральный 1.5%,Сафроново,48.7,3.6,1.5,5.2,,,,4813445000919,
иогурт,,100.5,3.9,2.9,14.7,,,,4813445002814,
Безлактозное Молоко,Сарафаново,46.0,3.3,1.5,4.7,,,,4813445003590,
Fruit balls,Tutti,441.8,6.3,23.5,54.7,,,,4813780000445,
Just Brutal potsto chips,азбука снеков,450.0,5.5,23.0,56.0,,,,4815101002343,just-brutal-potsto-chips-ooo-azbuka-snekov
Козинак соняшниковий,Золотой век,585.0,15.2,43.7,32.8,,,,4820026703299,
Сир твердий скибочками КОМО,Como,365.0,24.0,29.0,1.0,,,,4820039808363,
Кефір густий сміливість 1%,Молокія,36.0,2.9,1.0,3.9,,,,4820045703744,
Молоко сгущённое,Ічня,338.5,7.2,8.5,58.3,,,,4820103341895,
"Галичина молоко безлактозне 2,5%",Galychina,53.0,2.8,2.5,4.7,,,,4820222760577,
Ферма сирок зі смаком ванілі,Ферма,401.0,11.7,26.1,29.3,,,,4820245524361,
Феома сирок з молоком згущеним,,400.0,11.0,24.7,32.7,,,,4820245524385,
Ферма сирок полуниця,Ферма,391.0,11.1,23.8,32.4,,,,4820245524408,
Ферма сирок вишня,Ферма,386.0,10.4,23.8,33.4,,,,4820245524422,
Чипси,Leys,517.0,6.7,30.0,52.0,,,,4823063127462,
Кукуруза,Верес,58.0,2.2,0.5,11.3,,,,4823105400812,
Варенье из малины,IJEVAN,262.4,0.6,0.0,65.5,,,,4850001037354,
Аджика Острая,ВкусВилл,95.0,2.5,3.0,14.5,,,,4850040810451,
Грузинский лимонад Limonati тархун,Borjomi,42.4,0.0,0.0,10.0,,,,4860019003104,
Сметана 15% PREZIDENT,President,160.0,2.2,15.0,4.0,,,,4870055001248,
Пломбир зефир Мишка На Полюсе,Шин-Лайн,326.0,4.8,22.7,27.9,,,,4870233461246,
Коньяк трёхлетний GLOBAL WINE КАЗАКСТАН,"""Винзавод ""Дионис""",230.0,0.0,0.0,1.5,,,,4870237141700,
Лапша БП С Курицей Dapanji,Master Kan,425.0,10.0,14.0,70.0,,,,4870244250679,
твикс экстра,Twix,494.0,3.9,24.0,65.4,,,,5000159390729,
Милкиуэй1+1,Mars,451.0,3.1,16.5,72.0,,,,5000159413572,
лесной орех 🌰 сникерс,Mars,506.2,10.6,27.9,47.7,,,,5000159439480,
Картофельные чипсы со вкусом сыра,Pringles,515.2,4.5,32.0,51.0,,,,5053990113149,
Мильфей,У Палыча,185.8,1.7,9.0,24.5,,,,51430851031945,
Круасан,7 Days,460.0,7.0,28.0,44.0,,,,5201360553457,
Дуэт ореховое по королевски,У Палыча,447.0,5.0,25.5,49.4,,,,58022070920138,
Пушени шпроти в рапично масло Секо,Секо,255.6,17.9,20.5,0.0,,,,5902353023352,
Картофен чипс с вкус на кашкавал,Lay's,540.0,6.7,32.0,54.0,,,,5941000025615,
Горошек зелёный,Globus,76.0,5.5,0.7,7.4,,,,5998304240022,
Кукуруза сладкая в зернах,Globus,80.0,2.6,1.0,15.2,,,,5998304241111,
Snickers лесной орех,Snickers,506.0,8.1,27.4,56.0,,,,6000752439480,
Овсяное печенье с кусочками шоколада,Хлебный спас,425.0,5.5,15.0,67.0,,,,62111829,
Финики,Chocodate,432.1,4.8,16.0,68.0,,,,6291011057952,
Рис Кубань белый круглозерный,Мистраль,349.0,5.6,0.2,80.4,,,,64190105,
Чипсы Из Батата Со Вкусом Стейка С Чёрным Перцем,Yam Chip,534.0,7.8,30.0,58.1,,,,6920378200748,
Булочки Бао Паровые Со Свининой,Bibigo,270.8,7.3,11.9,33.5,,,,6921524182475,
Лапша со вкусом тушёной говядины,1-5 чашки,475.0,7.9,22.9,59.9,,,,6921555522356,
Острое мясо,Китай,348.1,48.9,8.1,19.9,,,,6940782603232,
Попкорн Со Вкусом Йогурта И Лука,Little Donkey,520.0,3.8,27.1,65.1,,,,6970113726057,
Попкорн Со Вкусом Барбекю,Little Donkey,523.0,4.2,26.9,65.9,,,,6970113726088,
Лапша,,330.0,8.9,8.2,55.3,,,,6971105770577,
Протеин изолят орех,Nutriversum,375.0,86.0,2.6,1.2,,,,7603720035777,
Белый Шоколад Миндаль И Кокос,Alpen Hilda,543.8,5.6,30.6,59.4,,,,7622201696344,
Классический,Тоблерон,528.0,5.6,28.0,61.0,,,,7622201753979,
Молочный шоколад,,522.0,5.0,27.0,62.0,,,,7622201777227,
круассан черешня 7 days 60 г,,411.0,5.1,21.0,48.0,,,,7622202011559,
альпен голд орео два шоколада,Alpen Gold,540.0,4.1,30.0,62.0,,,,7622202047206,
Шоколад Молочный,Milka,534.0,5.7,30.0,59.0,,,,7622202048326,
Мини-круассаны 7 Days с кремом со вкусом ваниль,7 Days,456.0,6.0,27.0,45.0,,,,7622202204074,
Печенье юбилейное с хлопьями в корзине распродаж,Юбилейное,460.0,7.8,19.0,65.0,,,,7622202204319,
Milka Max Арахис и Карамель,Milka,543.0,8.2,33.0,51.0,,,,7622202215919,
Батончик «Big Picnic»,Alpen Gold,481.0,7.2,24.0,57.0,,,,7622210357915,
юбилейное,Юбилейное,480.0,7.0,21.0,65.0,,,,7622210453853,
Юбилейное молочное,Большевик,460.0,8.1,17.5,66.5,,,,7622210457554,
"Печенье ""Юбилейное"" традиционное",Mondeléz,467.0,7.5,18.0,67.0,,,,7622210457745,
Belvita Утреннее печенье,belVita,102.0,8.2,15.0,68.0,,,,7622210721976,
Печенье витаминизированное молочное с глазурью «Юбилейное»,Юбилейное,480.0,7.0,21.0,65.0,,,,7622210734365,
Какао с йогуртовой начинкой. Утреннее,belVita,464.0,7.1,18.0,67.0,,,,7622210742018,
Печенье Утреннее С Йогуртовой Начинкой,belVita,467.0,7.0,18.0,67.0,,,,7622210742025,
Куриная Котлета С Рисом,Лаборатория Еды,163.4,8.3,6.8,16.6,,,,7930081900025,
Пралине жёлт,Sorini,538.2,4.0,30.4,61.2,,,,8006423301139,
Томаты вяленые,Berni,212.0,8.0,20.0,12.0,,,,80599685,
Tortiglion круглые макароны,Barilla,359.0,14.0,2.0,69.7,,,,8076809576130,
Конфитюр из апельсинов с пониженной калорийностью,Zuegg,56.0,0.6,0.0,15.0,,,,80803829,
Нутела,Ferrero,539.0,6.3,30.9,57.5,,,,80895237,
"Оливки, фаршированные пастой из трюфеля",La Explanada gourmet,154.0,1.5,16.0,0.0,,,,8410791095390,
Картофельные Чипсы Со Вкусом Чили И Лайм,El Valle,494.0,6.5,27.8,57.4,,,,8437001221103,
Goodmix Малиновый рассвет,Goodmix,527.0,6.1,28.0,62.0,,,,8600084037576,
Чечевица зеленая,Агро-Альянс,360.0,28.0,2.0,58.0,,,,8601670710262,
"""СЕРБСКАЯ БРЫНЗА"" Сыр мягкий рассольный 45%",drMilk,197.0,11.8,15.5,2.6,,,,8606020040594,
Кисломолочный напиток ежевика-малина,Зелёная линия,73.3,12.0,0.5,5.2,,,,8610712331280,
"Набор ""Молочный шоколад""",Bind,535.0,7.1,37.8,53.0,,,,8680474900710,
Вафля с Фисташкой,Гив Ми,530.0,6.1,29.5,59.2,,,,8682213006301,
беррак свекла,Berrak,40.0,1.0,0.0,9.0,,,,8690531040723,
Майонеза с горчица,Heinz,490.0,1.1,52.0,4.4,,,,8715700127774,
хлопья пост,Post,376.7,3.3,1.7,86.7,,,,8801037075649,
Эскимо Ягодный микс,Credor,238.9,2.2,15.6,22.2,,,,8801104172059,
Органическая переработанная мякоть кокосового ореха,Foco,102.0,1.2,10.0,1.8,,,,8851613003719,
Горячий шоколад,MacChocolate,392.0,4.0,8.0,76.0,,,,8887290102001,
"Экструдированный мармелад ""Чупа чупс"" ""Страйпс"" с фруктовым вкусом",Перфетти ван мелле,370.0,2.0,2.5,83.0,,,,8901393024531,ekstrudirovannyy-marmelad-chupa-chups-strayps-s-fruktovym-vkusom-ooo-perfetti-van-melle
Whey protein с шоколадом,Natural Power,370.0,73.3,4.7,7.7,,,,9007776014515,
Салат Винегрет,ProЕДА,110.1,1.6,8.1,7.7,,,,9364379295162,
Пряный Гриб Рамен,Daebak,426.0,9.4,14.3,63.4,,,,9555022311111,
Латте,Ice coffee,56.0,2.6,0.8,9.6,,,,9999804497073,
